keyword,url,caption,author
beautiful destinations,https://www.tiktok.com/@rifat___editz/video/7378444943670480146,part 321 | # Beautiful Port Louis mauritiusЁЯЗ▓ЁЯЗ║ЁЯМЖЁЯТЮЁЯеАЁЯдй,rifat___editz
beautiful destinations,https://www.tiktok.com/@i.am.brazil.suppo5/video/7398782356896681234,рж╕рзНржмржкрзНржирзЗрж░ ржжрзЗрж╢ greece ЁЯЗмЁЯЗ╖ЁЯЗмЁЯЗ╖ЁЯСЙЁЯЗпЁЯЗ╡ЁЯЗпЁЯЗ╡ЁЯСИтЬИя╕П,i.am.brazil.suppo5
beautiful destinations,https://www.tiktok.com/@mjmehraf/video/7418504065895648519,ржирж╛рж░рзА ржХрж┐ ржкрзНрж░ржХрзГрждрж┐рж░ рж░рзВржкрзЗрж░ ржЪрзЗрзЯрзЗ ржУ ржмрзЗрж╢рж┐ рж░рзБржкрж╢рзА?,mjmehraf
beautiful destinations,https://www.tiktok.com/@travelizo.abss/video/7402992036669885714,ржЬрж╛рзЯржЧрж╛ржЯрж╛ рж╕рзБржирзНржжрж░ ржирж╛?! ЁЯе░,travelizo.abss
beautiful destinations,https://www.tiktok.com/@alxovi3/video/7378816830556720401,Beautiful SwitzerlandЁЯЗиЁЯЗн,alxovi3
beautiful destinations,https://www.tiktok.com/@eccendentesiast_._/video/7340736048806350087,Kashmir in Winter тЭДя╕ПЁЯМия╕П Snowfall made the trip more beautiful though couldn't visit some places because of it тШГя╕П,eccendentesiast_._
beautiful destinations,https://www.tiktok.com/@sheikh_farid_71/video/7204638378338422018,"Lake Lungern Canton Obwalden ЁЯЗиЁЯЗнЁЯПб The landscape in the canton of Obwalden, which is shaped by the emerald-green Lake Lungern, appeals to hikers, water sports enthusiasts and nature lovers. In winter, numerous attractive ski areas can be reached from Lungern within a short time. The mountain village of Lungern offers relaxation, sport and adventure amidst impressive mountain ranges and an incomparable landscape. ЁЯУНLungern Switzerland ЁЯЗиЁЯЗн ЁЯОе @sheikh_farid_71",sheikh_farid_71
beautiful destinations,https://www.tiktok.com/@khairulbhuiyan02/video/7387224329596980487,"Portugal, MadeiraSee Madeira from a droneтАЩs perspective! Discover the islandтАЩs stunning landscapes f... ЁЯЗ╡ЁЯЗ╣ЁЯЗ╡ЁЯЗ╣ЁЯЗ╡ЁЯЗ╣ЁЯЗ╡ЁЯЗ╣ЁЯЗ╡ЁЯЗ╣ЁЯЗ╡ЁЯЗ╣ЁЯЗ╡ЁЯЗ╣ЁЯЗжЁЯЗ╣ЁЯЗкЁЯЗ║ЁЯЗкЁЯЗ║ЁЯЗкЁЯЗ║ЁЯЗкЁЯЗ║ЁЯЗкЁЯЗ║ЁЯЗкЁЯЗ║ЁЯЗиЁЯЗнЁЯЗиЁЯЗнЁЯЗиЁЯЗнЁЯЗоЁЯЗ╣ЁЯЗоЁЯЗ╣",khairulbhuiyan02
beautiful destinations,https://www.tiktok.com/@mdshajibbhuiyan302/video/7331312882061298962,"рзйрзжрзж ржлрзБржЯ ржПрж░ ржЙржкрж░ ржжрж┐ржпрж╝рзЗ ржПржпрж╝рж╛рж░ржкрзЛрж░рзНржЯ ржпрж╛ржЪрзНржЫрж┐,",mdshajibbhuiyan302
beautiful destinations,https://www.tiktok.com/@monsieur_arefin/video/7061436382807461147,One of the most beautiful roads I have been to,monsieur_arefin
beautiful destinations,https://www.tiktok.com/@mdshajibbhuiyan302/video/7335496595863047431,I keep a good friend in my house,mdshajibbhuiyan302
beautiful destinations,https://www.tiktok.com/@shamimuddin795/video/7221521143658777857,"London, View Buetiful For you ЁЯЦдЁЯЦд",shamimuddin795
beautiful destinations,https://www.tiktok.com/@www.friends.com546/video/7212843746734492929,One of the most beautiful places in India.......ЁЯШН,www.friends.com546
beautiful destinations,https://www.tiktok.com/@mdshajibbhuiyan302/video/7337618506680175879,ЁЯЫмЁЯЫлЁЯЗзЁЯЗйЁЯЗжЁЯЗк,mdshajibbhuiyan302
beautiful destinations,https://www.tiktok.com/@tanveer.abid/video/7418896931646131463,The weekend therapy,tanveer.abid
beautiful destinations,https://www.tiktok.com/@mdshajibbhuiyan302/video/7339080150459501831,ржорж╛ржпрж╝рзЗрж░ ржЖржжрж░рзЗрж░ ржЫрзЗрж▓рзЗржЯрж╛,mdshajibbhuiyan302
beautiful destinations,https://www.tiktok.com/@mdshajibbhuiyan302/video/7332403352669637895,,mdshajibbhuiyan302
beautiful destinations,https://www.tiktok.com/@chittabong_/video/6987456842330901786,"Undoubtedly one of the most scenic waterfalls in Bangladesh, Shohosrodhara waterfall ЁЯЗзЁЯЗй",chittabong_
beautiful destinations,https://www.tiktok.com/@incognitorider0/video/7421213005070781704,Difficult roads often lead to beautiful destinations.,incognitorider0
beautiful destinations,https://www.tiktok.com/@sh.arpita/video/7391836173850643728,тЬиЁЯХКя╕П,sh.arpita
beautiful destinations,https://www.tiktok.com/@ramisha955/video/7349406898506026241,China ЁЯЗиЁЯЗ│ most beautiful country ЁЯдЩ,ramisha955
beautiful destinations,https://www.tiktok.com/@peaceofeyeofficial/video/7302974073339006210,рж╕ржмрж╕ржорзЯ ржирж┐ржЬрзЗржХрзЗ ржнрж╛рж▓рзЛ рж░рж╛ржЦрзЛЁЯТЮ,peaceofeyeofficial
beautiful destinations,https://www.tiktok.com/@mdshajibbhuiyan302/video/7339617528949296391,ржЖржЬ ржЖржорж┐ рж╕рждрзНржпрж┐ржЗ ржПржХрж╛,mdshajibbhuiyan302
beautiful destinations,https://www.tiktok.com/@riazmohi10/video/7053357730949614874,,riazmohi10
beautiful destinations,https://www.tiktok.com/@hasnainshariar_arnub/video/7420110074036768008,We want Sheikh Hasina ЁЯЗзЁЯЗйтЭдя╕П,hasnainshariar_arnub
beautiful destinations,https://www.tiktok.com/@khalaquzzamanrock/video/7416416534374927624,,khalaquzzamanrock
beautiful destinations,https://www.tiktok.com/@mdshajibbhuiyan302/video/7341041810262723848,japani lodge 87656,mdshajibbhuiyan302
beautiful destinations,https://www.tiktok.com/@tuhin_official_account/video/7409177208222240018,( Follow My Page) тАв Today's the best Photo ЁЯМ┐ЁЯе░ тАвЁЯФ┤ Beautiful,tuhin_official_account
beautiful destinations,https://www.tiktok.com/@tuhin_official_account/video/7408850782382050578,#( Follow My tiktok ) тАв Today's the best videoЁЯМ┐ЁЯе░ тАвЁЯФ┤ Beautiful,tuhin_official_account
beautiful destinations,https://www.tiktok.com/@mdsakilahamed7500/video/7382890667829251346,"The harder the road, the more beautiful the destinationтЭдя╕П",mdsakilahamed7500
beautiful destinations,https://www.tiktok.com/@amdkamalmia/video/7376639018844409096,ржЖржорж╛ржжрзЗрж░ ржорж╛ржжрзНрж░рж╛рж╕рж╛рж░ ржорж╛ржЧрж░рж┐ржмрзЗрж░ ржкрж░рзЗрж░ ржХрзНрж▓рж╛рж╕тАв Today's the best Photo ЁЯМ┐ЁЯе░ тАвЁЯФ┤ Beautiful,amdkamalmia
beautiful destinations,https://www.tiktok.com/@rsakash508/video/7405960254074178817,Tumi amar sei sopnoЁЯШК,rsakash508
beautiful destinations,https://www.tiktok.com/@mdshajibbhuiyan302/video/7326952481181732103,",,",mdshajibbhuiyan302
beautiful destinations,https://www.tiktok.com/@romanchaudhury88/video/7300997232055094529,most Beautiful country Switzerland ЁЯМ┐ Inshallah one dayЁЯШл,romanchaudhury88
beautiful destinations,https://www.tiktok.com/@sopnobeautysalondohar/video/7421058907063241992,,sopnobeautysalondohar
beautiful destinations,https://www.tiktok.com/@tamim_editz_420/video/7380931357045755154,"Scotland,ЁЯП┤єаБзєаБвєаБ│єаБгєаБ┤єаБ┐ View,ЁЯеАтЭдя╕П",tamim_editz_420
beautiful destinations,https://www.tiktok.com/@realsnahid/video/7372113195302931730,"Wow, what a beauty nature video! watch it.",realsnahid
beautiful destinations,https://www.tiktok.com/@tamim_editz9x/video/7342804157822225666,Montenegro ЁЯЗ▓ЁЯЗк ЁЯЗ▓ЁЯЗк ЁЯЗ▓ЁЯЗк ЁЯдйЁЯдйЁЯСА,tamim_editz9x
beautiful destinations,https://www.tiktok.com/@arifinhasan58/video/7421937936041594119,,arifinhasan58
beautiful destinations,https://www.tiktok.com/@mdshajibbhuiyan302/video/7328657053273148679,ржЪрж▓рзЗ ржпрж╛ржмрзЛ ржПржХржжрж┐ржи ЁЯЗзЁЯЗй ржЯрзБ ЁЯЗйЁЯЗкЁЯЫмтЬИя╕ПЁЯЫл,mdshajibbhuiyan302
beautiful destinations,https://www.tiktok.com/@roamready2024/video/7366164925263219985,"The 10 best places to visit in beautiful Cambodia. Packed with some of Southeast Asia's best experiences, from temples to beaches and wonderful wildlife, it truly pays to spend a few weeks exploring Cambodia.",roamready2024
beautiful destinations,https://www.tiktok.com/@shamimmahmud38/video/7391148494968474896,ржЕржкрж░рзБржк рж╕рзБржирзНржзрж░ ржПржмржВ ржоржирзЛржорзБржЧрзНржзржХрж░ ржПржХржЯрж┐ рж░рж┐рж╕рзЛрж░рзНржЯ.... ржЬржВржЧрж▓ ржмрж╛рзЬрж┐ ржорзНржпрж╛ржиржЧрзНрж░рзЛржн рж░рж┐рж╕рзЛрж░рзНржЯ,shamimmahmud38
beautiful destinations,https://www.tiktok.com/@muradahmed9/video/7165884703533239579,ржмрж╛рж░ ржмрж╛рж░ ржжрзЗржЦрж▓рзЗржУ ржоржи ржнрж░ржмрзЗ ржирж╛рж╣ ржкрзНрж░ржХрзГрждрж┐рж░ ржПржЗ рж░рзБржк тЭдя╕П,muradahmed9
beautiful destinations,https://www.tiktok.com/@story_of_a_shutterbug/video/7368167485641624850,Glimpse of a majestic place,story_of_a_shutterbug
beautiful destinations,https://www.tiktok.com/@souravking97/video/7327503542472723730,My Dream Country Italy view ЁЯШЩЁЯШЗЁЯТЦ,souravking97
beautiful destinations,https://www.tiktok.com/@sajektravelgroup/video/7327399267146943745,"рж╕рзБржирзНржжрж░ржмржи ржПрж░ ржХрзЛрж▓рзЗ ржЧрзЬрзЗ ржУржарж╛ ржЕржирж┐ржирзНржжрзНржп рж╕рзБржирзНржжрж░ ржмржиржмрж┐ржмрж┐ - Bonobibi Forest Resort - Sundarban ЁЯМ┐ЁЯПб ржПржХржкрж╛рж╢рзЗ ржЧрзНрж░рж╛ржо ржЖрж░ ржЕржирзНржпржкрж╛рж╢рзЗ ржиржжрзА, ржиржжрзА ржкрзЗрж░рзБрж▓рзЗржЗ рж╕рзБржирзНржжрж░ржмржиред ЁЯРЖ ржпрж╛рж░рж╛ ржирж┐рж░рж┐ржмрж┐рж▓рж┐ рж╕ржорзЯ ржХрж╛ржЯрж╛рждрзЗ ржЪрж╛ржи рждрж╛ржжрзЗрж░ ржЙржкржпрзБржХрзНржд рж╕рзНржерж╛ржиред ЁЯШН ржврж╛ржХрж╛ ржерзЗржХрзЗ ржорж╛рждрзНрж░ 04 ржШржирзНржЯрж╛рзЯ ржоржВрж▓рж╛ ржЪрж▓рзЗ ржпрж╛ржмрзЗржиред рждрж╛рж░ржкрж░ 40 ржорж┐ржирж┐ржЯрзЗрж░ ржЫрзЛржЯ ржПржХржЯрж┐ ржмрзЛржЯ ржЬрж╛рж░рзНржирж┐рждрзЗ ржкрзМржЫрзЗ ржпрж╛ржмрзЗржи ржмржиржмрж┐ржмрж┐ рж░рж┐рж╕рзЛрж░рзНржЯрзЗред ЁЯдШ #sa",sajektravelgroup
beautiful destinations,https://www.tiktok.com/@sopnobeautysalondohar/video/7421961694064217351,,sopnobeautysalondohar
beautiful destinations,https://www.tiktok.com/@made.by.tahashu/video/7421917220311174416,Most beautiful place in Asia (North Sikkim),made.by.tahashu
beautiful destinations,https://www.tiktok.com/@itzmuradm.a/video/7204415454843047170,top 10 most beautifull places in BangladeshЁЯЗзЁЯЗйтЬЕ,itzmuradm.a
beautiful destinations,https://www.tiktok.com/@mdmehedyhasanrony/video/7373240231669140752,ржкрзНрж░рж╛ржХрзГрждрж┐ржХ рж╕рзМржирзНржжрж░рзНржп,mdmehedyhasanrony
beautiful destinations,https://www.tiktok.com/@anuska.sen.official/video/7418914429489745170,,anuska.sen.official
beautiful destinations,https://www.tiktok.com/@dr_hrid/video/7315030305566362898,"ЁЯУНPotenga Sea Beach,Chittagong . .",dr_hrid
beautiful destinations,https://www.tiktok.com/@beli1640/video/7410835643439336722,"Its so beautiful and scary for some of us bc something happened, story for another day ЁЯдл but look at the church ЁЯдНЁЯОЪя╕П",beli1640
beautiful destinations,https://www.tiktok.com/@anka.559/video/7369183411648433425,We want Sheikh Hasina ЁЯЗзЁЯЗйтЭдя╕П,anka.559
beautiful destinations,https://www.tiktok.com/@hasnainshariar_arnub/video/7421986911591386376,Inshallah one day I will reach my destinationЁЯе░Bridal makeover done by me Glow Up Beauty By ShilaЁЯТЩ,hasnainshariar_arnub
beautiful destinations,https://www.tiktok.com/@shilaakyer/video/7409673161718893831,In Sha AllahЁЯЗ░ЁЯЗ╖ЁЯТЦ,shilaakyer
beautiful destinations,https://www.tiktok.com/@raisavibez/video/7358775378166451464,,raisavibez
beautiful destinations,https://www.tiktok.com/@kamranahmed19980/video/7403204960390843666,foryou,kamranahmed19980
beautiful destinations,https://www.tiktok.com/@sibbirhassan1/video/7418761772309515538,Sunset Time-Lapse,sibbirhassan1
places to visit,https://www.tiktok.com/@your_short_bro/video/7297022921438973186,Best places to visit in Bangladesh,your_short_bro
places to visit,https://www.tiktok.com/@sharmila.not_tagore/video/7383602394568953105,"Situated in Pubail - just a 40 min drive from Dhaka. A luxurious retreat with a perfect blend of lush nature, a beautiful pool surrounded by trees, the perfect tranquil environment to spend with your family! We stayed in the Rose cottage made of wood - peaceful and gives off the vibe of the old world while also providing modern amenities. And the entire resort looked even more enchanting after a heavy rain with the scent of wet earth and the garden glistening with raindrops.",sharmila.not_tagore
places to visit,https://www.tiktok.com/@foodiemeetsfood_/video/7270114952407485698,One of best budget friendly hangout places in Dhaka. Cheap & close to nature ЁЯл╢ I just canтАЩt get enough of this place!!,foodiemeetsfood_
places to visit,https://www.tiktok.com/@travelizo.abss/video/7402992036669885714,ржЬрж╛рзЯржЧрж╛ржЯрж╛ рж╕рзБржирзНржжрж░ ржирж╛?! ЁЯе░,travelizo.abss
places to visit,https://www.tiktok.com/@sh.arpita/video/7391836173850643728,тЬиЁЯХКя╕П,sh.arpita
places to visit,https://www.tiktok.com/@somaiya_hira8/video/7405841049412832528,ржПржЗ рж╕рзБржирзНржжрж░ ржЬрж╛рзЯржЧрж╛ржЯрж┐ ржЪржЯрзНржЯржЧрзНрж░рж╛ржорзЗрж░ ржХрзЛржерж╛рзЯ ржХрзЗ ржХрзЗ ржЪрж┐ржирзЗржи???рж▓рж╛рж╖рзНржЯ ржХржмрзЗ ржПржЦрж╛ржирзЗ ржПрж╕рзЗржЫрзЗржи??? . . .,somaiya_hira8
places to visit,https://www.tiktok.com/@tiaba28/video/7403214224870165767,Finding my solace тЬи . . .,tiaba28
places to visit,https://www.tiktok.com/@your_neehaaa/video/7375110321863773441,Kno bujho nh? ЁЯШТЁЯдн,your_neehaaa
places to visit,https://www.tiktok.com/@tring_biring_ghost/video/7272750125674482945,,tring_biring_ghost
places to visit,https://www.tiktok.com/@monsieur_arefin/video/7061436382807461147,One of the most beautiful roads I have been to,monsieur_arefin
places to visit,https://www.tiktok.com/@raselsajek/video/7387871438318963986,Serenity ЁЯМ┐ЁЯМ╝,raselsajek
places to visit,https://www.tiktok.com/@faisalahamedshuvo/video/7315833809507863816,Awkat se bahar тЭдя╕ПЁЯе░,faisalahamedshuvo
places to visit,https://www.tiktok.com/@jasbond0007/video/7407117735013993736,ржмрзНржпрж╕рзНржд рж╢рж╣рж░рзЗ ржПржХржЯрзБ рж╕рзНржирж┐ржЧрзНржзрждрж╛рж░ ржЦрзЛржБржЬрзЗ! A nice place for family outing at Purbachal 300ft!,jasbond0007
places to visit,https://www.tiktok.com/@jahid_editz89/video/7413285862567431430,ржЖржУ ржирж╛ржЫрж┐ ЁЯШВЁЯЩЛтАНтЩВя╕П,jahid_editz89
places to visit,https://www.tiktok.com/@ataharistiaque8/video/7373254465417235713,Miss this place Chittagong Seabeach ЁЯдН,ataharistiaque8
places to visit,https://www.tiktok.com/@the_gallery_09/video/7272674278426856706,View тЬия╕П,the_gallery_09
places to visit,https://www.tiktok.com/@md_sefat10/video/7148651927579020570,,md_sefat10
places to visit,https://www.tiktok.com/@midulmullah/video/7002512190041312538,Feel This View ЁЯЗзЁЯЗй,midulmullah
places to visit,https://www.tiktok.com/@jenifar.chy/video/7358883773225749761,"It is an amazing place to relax yourself from a tiring life. If you go to Cumilla, you Should visit this place must ЁЯл╢ЁЯП╗ЁЯТЪ",jenifar.chy
places to visit,https://www.tiktok.com/@mahreensana_official/video/7419912322732330261,Guess the place?ЁЯШН,mahreensana_official
places to visit,https://www.tiktok.com/@shamimmahmud38/video/7391148494968474896,ржЕржкрж░рзБржк рж╕рзБржирзНржзрж░ ржПржмржВ ржоржирзЛржорзБржЧрзНржзржХрж░ ржПржХржЯрж┐ рж░рж┐рж╕рзЛрж░рзНржЯ.... ржЬржВржЧрж▓ ржмрж╛рзЬрж┐ ржорзНржпрж╛ржиржЧрзНрж░рзЛржн рж░рж┐рж╕рзЛрж░рзНржЯ,shamimmahmud38
places to visit,https://www.tiktok.com/@romanchaudhury88/video/7300997232055094529,most Beautiful country Switzerland ЁЯМ┐ Inshallah one dayЁЯШл,romanchaudhury88
places to travel,https://www.tiktok.com/@your_short_bro/video/7297022921438973186,Best places to visit in Bangladesh,your_short_bro
places to travel,https://www.tiktok.com/@oshiizzle/video/7087632114232904961,What an experience ЁЯЩМЁЯП╛,oshiizzle
places to travel,https://www.tiktok.com/@eccendentesiast_._/video/7340736048806350087,Kashmir in Winter тЭДя╕ПЁЯМия╕П Snowfall made the trip more beautiful though couldn't visit some places because of it тШГя╕П,eccendentesiast_._
places to travel,https://www.tiktok.com/@monsieur_arefin/video/7061436382807461147,One of the most beautiful roads I have been to,monsieur_arefin
places to travel,https://www.tiktok.com/@aimananwar_3/video/7408510021375495457,"Cologne was a total vibe! What a beautiful city to just walk around ЁЯТп From the iconic Cologne Cathedral to the old cologne with cobblestone streets and Schokoladenmuseum, Cologne is a must-visit for anyone seeking a blend of history, culture, and delicious food. Alsoo had the best doner at Nimet Grill ЁЯдд",aimananwar_3
places to travel,https://www.tiktok.com/@sh.arpita/video/7391836173850643728,тЬиЁЯХКя╕П,sh.arpita
places to travel,https://www.tiktok.com/@tiaba28/video/7403214224870165767,Finding my solace тЬи . . .,tiaba28
places to travel,https://www.tiktok.com/@emuchowdhury63/video/7267122809770364162,Every moment is a fresh beginning,emuchowdhury63
places to travel,https://www.tiktok.com/@_powshi_/video/7151636748840258817,The journey of a thousand miles begins with a single step.,_powshi_
places to travel,https://www.tiktok.com/@tahsintapti/video/7348142510574767361,"Sea and Tea, the similarity isnt just a coincidence? . . . . .",tahsintapti
places to travel,https://www.tiktok.com/@_powshi_/video/7379574616961846536,The most beautiful restaurant in Nepal,_powshi_
places to travel,https://www.tiktok.com/@amir_hamja38/video/7322687963941408018,Top 10 Most Visited Tourist Places in India ЁЯЗоЁЯЗ│,amir_hamja38
places to travel,https://www.tiktok.com/@travellershaven_/video/7385924772544204050,What's your dream country?,travellershaven_
places to travel,https://www.tiktok.com/@nayem_exe7/video/7316144044160175362,My Dhaka to Nepal TripтЬИя╕ПЁЯЗзЁЯЗйЁЯЗ│ЁЯЗ╡ЁЯТЮ 22-12-2023,nayem_exe7
places to travel,https://www.tiktok.com/@travelizo.abss/video/7402992036669885714,ржЬрж╛рзЯржЧрж╛ржЯрж╛ рж╕рзБржирзНржжрж░ ржирж╛?! ЁЯе░,travelizo.abss
places to travel,https://www.tiktok.com/@butterscotch__666/video/7384764546889567496,"MalaysiaтАЩs Mini Santorini Cameron Highlands - a hidden gem with breathtaking views, serene atmosphere, and unique architecture.",butterscotch__666
places to travel,https://www.tiktok.com/@raisavibez/video/7358775378166451464,In Sha AllahЁЯЗ░ЁЯЗ╖ЁЯТЦ,raisavibez
places to travel,https://www.tiktok.com/@arabiii_jannat/video/7365555095280405766,ржХрзЗ ржХрзЗ ржЧрж┐рзЯрзЗржЫрзЗржи? #,arabiii_jannat
places to travel,https://www.tiktok.com/@travelwith_sagor/video/7402891989382925575,Just a simple view but it is so refreshing for your mind .ЁЯдНЁЯНГЁЯЦд,travelwith_sagor
places to travel,https://www.tiktok.com/@shammiislamnilaofficial/video/7146555677090106651,,shammiislamnilaofficial
places to travel,https://www.tiktok.com/@mahreensana_official/video/7286318410504408321,Save for your Next TripтЬЕтЬИя╕ПЁЯЗзЁЯЗй,mahreensana_official
places to travel,https://www.tiktok.com/@dihanchy29/video/7204109870558186754,Dreamy view of Sajek,dihanchy29
places to travel,https://www.tiktok.com/@foodieshe/video/7310966319594130690,"WE TRAVELLED ALL THE WAY TO UTTARA FOR THIS! | @dscafe.bd has opened a month back and we had the opportunity to try out some delicious food during their grand launch! TAG YOUR FRIEND FROM WHOM YOU WANT A TREAT HERE! GET 10% discount on the entire menu until December 15th, 2023. тЮбя╕П Follow @foodieshe for more exciting reviews and content! тнРя╕П Items we tried, - Teriyaki Chicken Rice Bowl - Ginger Beef Stir Fry Rice Bowl - Assorted Appetizer Platter (It was only for the launch day) - Chow Tam (Prawn on the stick) This restaurant is famous for its seafood for which we were served with a seafood platter that consisted of calamari, loitta, crab and prawn fried. Came with peanut sauce but I felt tartar sauce would have been better too! Both of the rice bowls were fantastic! Quantity and tatsewise I will highly recommend both! The beef one was very delicious! The chicken one was tender and the flavours were bursting! The chow tam is prawn on a stick sitting on sweet chilli sauce. The mint drink was a little too sweet for me as I am not a very big fan of sweetened drinks! But it was very refreshing. The restaurant decor is like a tunnel and gives a very aesthetic vibe, the seating arrangements are very well and not too crowded. ЁЯУН 20, Shah Makdum Avenue Road, Uttara Sector 13 ЁЯП╖ SAVE this post & SHARE with your friends!",foodieshe
places to travel,https://www.tiktok.com/@shamimuddin795/video/7221521143658777857,"London, View Buetiful For you ЁЯЦдЁЯЦд",shamimuddin795
places to travel,https://www.tiktok.com/@bong_guyy/video/7408087059962907922,,bong_guyy
places to travel,https://www.tiktok.com/@sinthiayasmin_nupur/video/7008449814258060571,Beautiful SikkimтАж,sinthiayasmin_nupur
places to travel,https://www.tiktok.com/@nature_clips_06/video/7382472935912639745,Beauty of Sajek..ЁЯМ┐ЁЯМзя╕П,nature_clips_06
places to travel,https://www.tiktok.com/@your_short_bro/video/7296573841730456834,Places to visit in Dhaka part 2,your_short_bro
places to travel,https://www.tiktok.com/@foodology_by_adneen/video/7384716608859540744,,foodology_by_adneen
places to travel,https://www.tiktok.com/@the_gallery_09/video/7272674278426856706,View тЬия╕П,the_gallery_09
places to travel,https://www.tiktok.com/@midulmullah/video/7002512190041312538,Feel This View ЁЯЗзЁЯЗй,midulmullah
places to travel,https://www.tiktok.com/@fries.over.guyss/video/7355555019132914962,Share this with your friends and place your EID OUTING NOW! ЁЯМЩ,fries.over.guyss
places to travel,https://www.tiktok.com/@zainulabdin12346/video/7397629688060939538,ЁЯЗзЁЯЗйтЬИя╕ПЁЯЗ║ЁЯЗ▓,zainulabdin12346
places to travel,https://www.tiktok.com/@roamready2024/video/7367110034209230088,Famous Pink City Of India. ЁЯЫХJaipurЁЯЫХ,roamready2024
places to travel,https://www.tiktok.com/@foodiemeetsfood_/video/7270114952407485698,One of best budget friendly hangout places in Dhaka. Cheap & close to nature ЁЯл╢ I just canтАЩt get enough of this place!!,foodiemeetsfood_
places to travel,https://www.tiktok.com/@sharmila.not_tagore/video/7383602394568953105,"Situated in Pubail - just a 40 min drive from Dhaka. A luxurious retreat with a perfect blend of lush nature, a beautiful pool surrounded by trees, the perfect tranquil environment to spend with your family! We stayed in the Rose cottage made of wood - peaceful and gives off the vibe of the old world while also providing modern amenities. And the entire resort looked even more enchanting after a heavy rain with the scent of wet earth and the garden glistening with raindrops.",sharmila.not_tagore
places to travel,https://www.tiktok.com/@supra_bengali.4/video/7364443101303213317,Shibuya or gulshan?,supra_bengali.4
places to travel,https://www.tiktok.com/@filmbyrobiul/video/7177969058619395330,"Nilachal is one of the most visited places in the Bandarban district of Bangladesh. This attractive tourist center has been set up at Paharchaura of Tigerpara, about six km from Bandarban city, under the supervision of the district administration of Nilachal Tourism Complex Bandarban.",filmbyrobiul
places to travel,https://www.tiktok.com/@dhola._.bilai.96/video/7372182051698576657,ржЖржорж╛ржжрзЗрж░ ржЪржЯрзНржЯржЧрзНрж░рж╛ржорзЗрж░ рж╕рзЗрж░рж╛ ржПржХржЯрж┐ ржЬрж╛рзЯржЧрж╛ рж╣ржЪрзНржЫрзЗред ЁЯСМЁЯСМЁЯСМтЭдя╕Пржнрж╛ржЯрж┐рзЯрж╛рж▓рж┐ ржХрзНржпрж╛ржлрзЗ 24.ЁЯе░тЩея╕ПЁЯе░:ржЖрж▓рж╣рж╛ржоржжрзБрж▓рж┐рж▓рж╛ рзйржмрж╛рж░ ржпрж╛ржУрзЯрж╛ рж╢рзЗрж╖ ЁЯЩВржЬрж╛рзЯржЧрж╛ржЯрж╛ ржЕржирзЗржХ рж╕рзБржирзНржжрж░ ржжрзЗржЦрждрзЗЁЯе░ЁЯе░ЁЯе░ржЪрж╛ржЗрж▓рзЗ ржЖржкржирж╛рж░рж╛ ржШрзБрж░рждрзЗ ржпрзЗрждрзЗ ржкрж╛рж░рзЗржиред,dhola._.bilai.96
places to travel,https://www.tiktok.com/@roamready2024/video/7366164925263219985,"The 10 best places to visit in beautiful Cambodia. Packed with some of Southeast Asia's best experiences, from temples to beaches and wonderful wildlife, it truly pays to spend a few weeks exploring Cambodia.",roamready2024
places to travel,https://www.tiktok.com/@_powshi_/video/7159983958309080322,"Things to do in Dhaka city 1.Explore Bangabandhu military museum 2.Visit shonargaon museum 3.Visit old Dhaka,Ahsan Manzil 4.Go to Ramna park",_powshi_
places to travel,https://www.tiktok.com/@sharmila.not_tagore/video/7320288944858369282,"Miracle Garden indeed! World's largest natural flower garden - home to at least 50 million flowers of different varieties! Located right next to the existing Dubai Miracle Garden, there's Dubai Butterfly Garden featuring 15,000 butterflies of around 50 varieties of butterfly in different sizes and colors flying around the visitors in the open. Another place kicked off the bucket list ЁЯТЦ",sharmila.not_tagore
places to travel,https://www.tiktok.com/@dhakagirlgoesplaces/video/7149532605703114010,,dhakagirlgoesplaces
places to travel,https://www.tiktok.com/@putifish/video/7214786065213721858,One of the must visit places in Kolkata.,putifish
places to travel,https://www.tiktok.com/@afsanasubu/video/7156405669015424282,"ржЖрж▓рж╣рж╛ржоржжрзБрж▓рж┐рж▓рзНрж▓рж╛рж╣ , рж╕рж╛ржЬрзЗржХрзЗ ржПржд ржПржд ржорзЗржШ ржжрзЗржЦрзЗржЫрж┐ ,рж╕рж░рж╛рж╕рж░рж┐ ржорзЗржШ ржЙрзЬрзЗ рж░рзБржорзЗ ржврзБржХрждрзЗржЫрж┐рж▓ ржЖрж░ ржХрж┐ ржкрж░рж┐ржорж╛ржи рждрзЗржЬрж┐ рж╣рж╛ржУрзЯрж╛ ржЫрж┐рж▓,рж╕рзБржмрж╣рж╛ржи ржЖрж▓рзНрж▓рж╛рж╣ЁЯМ║",afsanasubu
places to travel,https://www.tiktok.com/@eatzuuuu/video/7390673686329560328,ржорзЗржЬрзНржЬрж╛ржи рж╣рж╛ржЗрж▓рзЗ ржЖржЗржпрж╝рзБржи тЭдя╕П,eatzuuuu
places to travel,https://www.tiktok.com/@superhostelbd/video/7409539157464222993,"ржврж╛ржХрж╛ржпрж╝ рзз,рзй,рзл,рзн,рззрзж,рззрзл,рзирзж,рзирзл,рзйрзж ржжрж┐ржи ржПржмржВ ржорж╛ржиржерж▓рж┐ ржкрзНржпрж╛ржХрзЗржЬрзЗрж░ ржерж╛ржХрзБржи рж╕рзБржкрж╛рж░ рж╣рзЛрж╕рзНржЯрзЗрж▓рзЗредржкрзНржпрж╛ржХрзЗржЬрзЗрж░ рж╕рж╛ржерзЗ ржкрж╛ржЪрзНржЫрзЗржи рзй ржмрзЗрж▓рж╛ ржЦрж╛ржмрж╛рж░,рж▓ржирзНржбрзНрж░рж┐ рж╕рж╛рж░рзНржнрж┐рж╕,ржлрзНрж░рж┐ Wi-Fi,ржЬрж┐ржо,рж░рж┐ржбрж┐ржВ рж░рзБржо,рж╕рж╣ ржЖрж░ржУ ржЕржирзЗржХ рж╕рзБржмрж┐ржзрж╛!",superhostelbd
places to travel,https://www.tiktok.com/@rayhan.0r/video/7365084465053355270,,rayhan.0r
places to travel,https://www.tiktok.com/@raskin2000/video/7370673893977246994,Hello from LADAKH!ЁЯМ╕ЁЯЦд,raskin2000
places to travel,https://www.tiktok.com/@nihab_rahman/video/7322013589626162450,5 places to visit in Bangladesh during winter: 1. Sreemangal 2. Mohamaya Lake 3. Debotakhum 4. CoxтАЩs Bazar 5. Rangamati.,nihab_rahman
places to travel,https://www.tiktok.com/@marufbhuiyan10k/video/7382521951698291969,,marufbhuiyan10k
places to travel,https://www.tiktok.com/@rsrayhanchowdhury1/video/7333298847034117378,"ржЖржорж░рж╛ ржкрж╛рж╣рж╛ржбрж╝рзЗ рж╣рж╛рж░рж╛ржЗ ржирж╛,ржирж┐ржЬрзЗржХрзЗ ржЦрзБржБржЬрзЗ ржкрж╛ржЗ ржкрж╛рж╣рж╛ржбрж╝рзЗрж░ ржоржзрзНржпрзЗ... -ржорж╛ржЗрждрж╛ рждрзИржо ржкрж╛рж╣рж╛рзЬ, ржмрж╛ржирзНржжрж░ржмрж╛ржи",rsrayhanchowdhury1
places to travel,https://www.tiktok.com/@bdexplorer007/video/7413381765026286854,A Place to visitЁЯФе ЁЯУМChattagram,bdexplorer007
places to travel,https://www.tiktok.com/@rifat___editz/video/7378444943670480146,part 321 | # Beautiful Port Louis mauritiusЁЯЗ▓ЁЯЗ║ЁЯМЖЁЯТЮЁЯеАЁЯдй,rifat___editz
places to travel,https://www.tiktok.com/@user704655889mamunahmed/video/7229362905228135698,ржХржХрзНрж╕ржмрж╛ржЬрж╛рж░,user704655889mamunahmed
places to travel,https://www.tiktok.com/@ataharistiaque8/video/7373254465417235713,Miss this place Chittagong Seabeach ЁЯдН,ataharistiaque8
places to travel,https://www.tiktok.com/@rajoanahmedfahim/video/7378792031222549777,"ЁЯУНZero Point,Jaflong,Sylhet тЬи",rajoanahmedfahim
places to travel,https://www.tiktok.com/@midulmullah/video/7058462797348277531,Feel This View ЁЯЗзЁЯЗй Bandarban,midulmullah
places to travel,https://www.tiktok.com/@peoplenplacess/video/7416058214862671112,"Exploring new places, trying delicious food, and making unforgettable memories. Stay tuned for epic travel content!",peoplenplacess
places to travel,https://www.tiktok.com/@shamimmahmud38/video/7391148494968474896,ржЕржкрж░рзБржк рж╕рзБржирзНржзрж░ ржПржмржВ ржоржирзЛржорзБржЧрзНржзржХрж░ ржПржХржЯрж┐ рж░рж┐рж╕рзЛрж░рзНржЯ.... ржЬржВржЧрж▓ ржмрж╛рзЬрж┐ ржорзНржпрж╛ржиржЧрзНрж░рзЛржн рж░рж┐рж╕рзЛрж░рзНржЯ,shamimmahmud38
places to travel,https://www.tiktok.com/@_powshi_/video/7351811155008015624,Have you ever been inside a hindu temple?,_powshi_
places to travel,https://www.tiktok.com/@romanchaudhury88/video/7300997232055094529,most Beautiful country Switzerland ЁЯМ┐ Inshallah one dayЁЯШл,romanchaudhury88
places to travel,https://www.tiktok.com/@your_short_bro/video/7297383033118706946,Places on Bangadesh That DonтАЩt Feel Real part 3,your_short_bro
places to travel,https://www.tiktok.com/@travelogyhq/video/7370695367597378822,Discover breathtaking places in Bavaria ideal for your next adventure. Explore unique sites near the Germany-Austria border! ЁЯМДЁЯПЮя╕П,travelogyhq
places to travel,https://www.tiktok.com/@just.aa.minute/video/7387715097113742600,Budget friendly Tanguar Haor Tour тЬи,just.aa.minute
places to travel,https://www.tiktok.com/@anirban_kaisar/video/7273922478244678913,A must visit place in Dhaka. ЁЯУНBangabandhu Military Miseum,anirban_kaisar
places to travel,https://www.tiktok.com/@anirban_kaisar/video/7349835280376925458,"Experience one of the most beautiful waterpark in South Asia and that too in Bangladesh ЁЯУНMana Bay Waterpark, BangladeshЁЯЗзЁЯЗй",anirban_kaisar
places that don't feel real,https://www.tiktok.com/@the_gallery_09/video/7272674278426856706,View тЬия╕П,the_gallery_09
places that don't feel real,https://www.tiktok.com/@stunning__space1/video/7422156078462340359,place on earth that don't feel real,stunning__space1
places that don't feel real,https://www.tiktok.com/@atikur_himel/video/7324690685330754823,"Zero point Sikkim, also known as Yume Samdong, is located 16,000 ft from the ocean level and lies on India China border.",atikur_himel
places that don't feel real,https://www.tiktok.com/@eccendentesiast_._/video/7340736048806350087,Kashmir in Winter тЭДя╕ПЁЯМия╕П Snowfall made the trip more beautiful though couldn't visit some places because of it тШГя╕П,eccendentesiast_._
places that don't feel real,https://www.tiktok.com/@your_short_bro/video/7297022921438973186,Best places to visit in Bangladesh,your_short_bro
places that don't feel real,https://www.tiktok.com/@rayhan_rana_official/video/7183589767571885314,The mysterious ghost place the Piramid of Giza in Missouri,rayhan_rana_official
places that don't feel real,https://www.tiktok.com/@rrshahed/video/7306026898650434834,Did you visit Zero Gravity in Dhaka yet?,rrshahed
places that don't feel real,https://www.tiktok.com/@maruf_hussain2/video/7355732998597119239,Malaysia ЁЯЗ▓ЁЯЗ╛,maruf_hussain2
places that don't feel real,https://www.tiktok.com/@samia6669/video/7369570069510245648,,samia6669
places that don't feel real,https://www.tiktok.com/@travelizo.abss/video/7402992036669885714,ржЬрж╛рзЯржЧрж╛ржЯрж╛ рж╕рзБржирзНржжрж░ ржирж╛?! ЁЯе░,travelizo.abss
places that don't feel real,https://www.tiktok.com/@sinthiayasmin_nupur/video/7008449814258060571,Beautiful SikkimтАж,sinthiayasmin_nupur
places that don't feel real,https://www.tiktok.com/@raselahmed__1/video/7374299849140866321,Thailand ЁЯШНЁЯСА,raselahmed__1
places that don't feel real,https://www.tiktok.com/@rayhan.0r/video/7365084465053355270,,rayhan.0r
places that don't feel real,https://www.tiktok.com/@muradahmed9/video/7165884703533239579,ржмрж╛рж░ ржмрж╛рж░ ржжрзЗржЦрж▓рзЗржУ ржоржи ржнрж░ржмрзЗ ржирж╛рж╣ ржкрзНрж░ржХрзГрждрж┐рж░ ржПржЗ рж░рзБржк тЭдя╕П,muradahmed9
places that don't feel real,https://www.tiktok.com/@jakeyasultanalaboni/video/7000242341973855514,China villages look very beautiful ЁЯРжЁЯРжЁЯНАтШШя╕ПтШШя╕ПЁЯШНЁЯШН,jakeyasultanalaboni
places that don't feel real,https://www.tiktok.com/@dhola._.bilai.96/video/7372182051698576657,ржЖржорж╛ржжрзЗрж░ ржЪржЯрзНржЯржЧрзНрж░рж╛ржорзЗрж░ рж╕рзЗрж░рж╛ ржПржХржЯрж┐ ржЬрж╛рзЯржЧрж╛ рж╣ржЪрзНржЫрзЗред ЁЯСМЁЯСМЁЯСМтЭдя╕Пржнрж╛ржЯрж┐рзЯрж╛рж▓рж┐ ржХрзНржпрж╛ржлрзЗ 24.ЁЯе░тЩея╕ПЁЯе░:ржЖрж▓рж╣рж╛ржоржжрзБрж▓рж┐рж▓рж╛ рзйржмрж╛рж░ ржпрж╛ржУрзЯрж╛ рж╢рзЗрж╖ ЁЯЩВржЬрж╛рзЯржЧрж╛ржЯрж╛ ржЕржирзЗржХ рж╕рзБржирзНржжрж░ ржжрзЗржЦрждрзЗЁЯе░ЁЯе░ЁЯе░ржЪрж╛ржЗрж▓рзЗ ржЖржкржирж╛рж░рж╛ ржШрзБрж░рждрзЗ ржпрзЗрждрзЗ ржкрж╛рж░рзЗржиред,dhola._.bilai.96
places that don't feel real,https://www.tiktok.com/@travelxp2023/video/7287619181950864648,"ЁЯУНpisa,Italy Pisa, a picturesque Italian city in Tuscany, is renowned for its iconic Leaning Tower, a marvel of medieval architecture. The Piazza dei Miracoli, a UNESCO World Heritage Site, features stunning monuments like the Cathedral and Baptistry. Pisa's rich history, art, and culture draw tourists from around the world.",travelxp2023
places that don't feel real,https://www.tiktok.com/@shelkhsuhag7/video/7363330557453044998,Dream holiday park ЁЯШЙЁЯдЯЁЯП╗,shelkhsuhag7
places that don't feel real,https://www.tiktok.com/@midulmullah/video/7002512190041312538,Feel This View ЁЯЗзЁЯЗй,midulmullah
places that don't feel real,https://www.tiktok.com/@daily_life_24_/video/7348484815131282706,рззржиржорзНржмрж░ рж╕рзБржЦрзА ржжрзЗрж╢ ржлрж┐ржирж▓рзНржпрж╛ржирзНржбрзЗрж░ ржжрзВрж░рждрзНржм ржмрж╛ржВрж▓рж╛ржжрзЗрж╢ ржерзЗржХрзЗ тЬИя╕П Finland,daily_life_24_
places that don't feel real,https://www.tiktok.com/@fries.over.guyss/video/7377791612857928978,Such a calm & aesthetic place in Dhaka! ЁЯЫ╢тЭдя╕П,fries.over.guyss
places that don't feel real,https://www.tiktok.com/@travelwith_sagor/video/7402891989382925575,Just a simple view but it is so refreshing for your mind .ЁЯдНЁЯНГЁЯЦд,travelwith_sagor
places that don't feel real,https://www.tiktok.com/@dreammapfun1880/video/7062037648629615898,"Sinking Ship ЁЯЪвЁЯШ▒..... ЁЯе░ЁЯШЗЁЯШКЁЯШНЁЯе░If you want to see more uncommon interesting videos like this, follow me ЁЯСИЁЯШЗЁЯТМ,,,,,GiveЁЯе░ЁЯШЗ more love and support like this, more good videos will comeЁЯМПЁЯМО..... Thank YouЁЯе░....",dreammapfun1880
places that don't feel real,https://www.tiktok.com/@sathim_on_fire/video/7090119668660276482,,sathim_on_fire
places that don't feel real,https://www.tiktok.com/@ifte181/video/7143530730277047578,"Evening view from lachung, north sikkim..тЭдя╕ПтАНЁЯФетЭгя╕П",ifte181
places that don't feel real,https://www.tiktok.com/@offline_editor_100/video/7295721607715114258,.тЬИя╕П,offline_editor_100
places that don't feel real,https://www.tiktok.com/@madeinbangladesh01/video/7319143324915404033,The North Sea ЁЯШ▒ The Most Dangerous Sea In The World Has Big Weaves,madeinbangladesh01
places that don't feel real,https://www.tiktok.com/@bong_guyy/video/7408087059962907922,,bong_guyy
places that don't feel real,https://www.tiktok.com/@romanchaudhury88/video/7300997232055094529,most Beautiful country Switzerland ЁЯМ┐ Inshallah one dayЁЯШл,romanchaudhury88
places that don't feel real,https://www.tiktok.com/@nayem_exe7/video/7316144044160175362,My Dhaka to Nepal TripтЬИя╕ПЁЯЗзЁЯЗйЁЯЗ│ЁЯЗ╡ЁЯТЮ 22-12-2023,nayem_exe7
places that don't feel real,https://www.tiktok.com/@shashwto_takbir/video/7313106139015662866,The North Sea ЁЯШжЁЯШиЁЯШ░,shashwto_takbir
places that don't feel real,https://www.tiktok.com/@fahim_edit4/video/7256260615176506642,view in Bangladesh,fahim_edit4
places that don't feel real,https://www.tiktok.com/@dihanchy29/video/7204109870558186754,Dreamy view of Sajek,dihanchy29
places that don't feel real,https://www.tiktok.com/@mehedih8888/video/7336011875571797250,Circus Roller coaster,mehedih8888
places that don't feel real,https://www.tiktok.com/@helloking121/video/7304563526645976338,Heavy Snowfall in Tokyo Japan ЁЯЗпЁЯЗ╡,helloking121
places that don't feel real,https://www.tiktok.com/@kingsiam0.2/video/7308240159877713153,"ржкрзГржерж┐ржмрзАрж░ ржмрзБржХрзЗ ржЕржЬрж╛ржирж╛ рж░рж╣рж╕рзНржп ржШрзЗрж░рж╛ ржпржд рж╕рзНржерж╛ржирзЗрж░ ржирж╛ржо рж╕ржмрж╛рж░ ржХрж╛ржЫрзЗржЗ ржЬрж╛ржирж╛ рждрж╛рж░ ржоржзрзНржпрзЗ ржЕржирзНржпрждржо ржмрж╛рж░ржорзБржбрж╛ ржЯрзНрж░рж╛ржпрж╝рж╛ржЩрзНржЧрзЗрж▓ред ржЖржЬ ржкрж░рзНржпржирзНржд ржпржд ржЧржмрзЗрж╖ржгрж╛ рж╣рзЯрзЗржЫрзЗ ржХрзЛржирзЛ ржХрж┐ржЫрзБрждрзЗржЗ ржП рж░рж╣рж╕рзНржп ржЙржжржШрж╛ржЯржирзЗрж░ ржХрзЛржирзЛ рж╕рзБрж╕рзНржкрж╖рзНржЯ ржкрзНрж░ржорж╛ржг ржорзЗрж▓рзЗржирж┐ред ржорж╛ржирзБрж╖ рж╕рж░рзНржмржжрж╛ ржЬрзНржЮрж╛ржиржкрж┐ржкрж╛рж╕рзБ рждрж╛ржЗ ржЕржЬрж╛ржирж╛ржХрзЗ ржЬрж╛ржирж╛ ржЖрж░ ржирждрзБржи ржХрж┐ржЫрзБ ржкрзНрж░ржорж╛ржгрзЗрж░ ржпрзЗ рж╕рзНржкрзГрж╣рж╛ рждрж╛ рж╕рж░рзНржмржжрж╛ ржмрж┐ржЬрзНржЮрж╛ржирзАржжрзЗрж░ ржоржзрзНржпрзЗ ржкрж░рж┐рж▓ржХрзНрж╖рж┐ржд рж╣рж▓рзЗржУ рждрж░рзБржг ржорж╣рж▓рзЗ ржЖржорж╛ржжрзЗрж░ ржХрж╛ржЫрзЗ рждрж╛ рж╕рж░рзНржмржжрж╛ржЗ ржЖржХрж░рзНрж╖ржгрзАрзЯ ржПржХржЯрж╛ ржмрж┐рж╖рзЯ рж╣рзЯрзЗ ржерж╛ржХрзЗред ржкрзНрж░ржержорзЗржЗ ржмрж▓рзЗ ржЖрж╕рж┐ ржмрж╛рж░ржорзБржбрж╛ ржЯрзНрж░рж╛ржпрж╝рж╛ржЩрзНржЧрж▓ рж╕ржорзНржкрж░рзНржХрзЗред ржЖржорж░рж╛ рж╕ржХрж▓рзЗржЗ ржЬрж╛ржирж┐ ржмрж╛рж░ржорзБржбрж╛ ржЯрзНрж░рж╛ржпрж╝рж╛ржЩрзНржЧрж▓ ржПржХржЯрж┐ рждрзНрж░рж┐ржнрзБржЬрж╛ржХрзГрждрж┐ ржЬрж╛рзЯржЧрж╛ ржмрж┐рж╢рзЗрж╖ред ржпрж╛рж░ ржПржХ ржкрж╛рж╢рзЗ рж░рзЯрзЗржЫрзЗ ржлрзНрж▓рзЛрж░рж┐ржбрж╛, ржЕржирзНржпржкрж╛рж╢рзЗ ржмрж╛рж░ржорзБржбрж╛ ржЖрж░ ржЕржкрж░ржкрж╛рж╢рзЗ ржЖржЫрзЗ рж╕рж╛ржи ржЬрзБрзЯрж╛ржи, ржкрзБрзЯрж╛рж░рждрзЛ рж░рж┐ржХрзЛред ржкрзГржерж┐ржмрзАрж░ ржЕржирзНржп ржпрждрзЛ рж░рж╣рж╕рзНржпрзЗржШрзЗрж░рж╛ рж╕рзНржерж╛ржи рждрж╛рж░ ржерзЗржХрзЗ ржПржЗ ржЬрж╛рзЯржЧрж╛ржХрзЗ ржЧрзБрж░рзБрждрзНржм ржжрзЗржмрж╛рж░ ржорзВрж▓ ржХрж╛рж░ржг рж╣рж▓ ржнрзЯрж╛рж▓ ржкрж░рж┐ржмрзЗрж╢рзЗ ржирзМржпрж╛ржи ржУ ржЖржХрж╛рж╢ржпрж╛ржирзЗрж░ ржмрж╣рзБ ржпрж╛рждрзНрж░рзАрж░ ржЕржХрж╛рж▓ ржкрзНрж░рж╛ржгрж╣рж╛ржирж┐ред ржП ржПржоржи ржПржХ ржЬрж╛рзЯржЧрж╛ ржпрзЗржЦрж╛ржирзЗ ржПржХржмрж╛рж░ ржкрзНрж░ржмрзЗрж╢ ржХрж░рж▓рзЗ рж╕рзЗржЦрж╛ржи ржерзЗржХрзЗ ржмрзЗрж░ рж╣ржмрж╛рж░ ржмрж╛ ржХрзЛржирзЛ рждржерзНржп ржмрзЗрж░ ржХрж░рзЗ ржЖржирж╛рж░ ржХрзЛржирзЛ ржЕржмржХрж╛рж╢ ржирж╛ржЗред ржЕржирзЗржХрзЗ ржЖржмрж╛рж░ ржПржЗ ржЬрж╛рзЯржЧрж╛ржХрзЗ ржбрзЗржнрж┐рж▓ ржЯрзНрж░рж╛ржпрж╝рж╛ржЩрзНржЧрж▓ ржУ ржЯрзНрж░рж╛ржкрж┐ржЬрж┐рзЯрж╛ржо ржЖржХрзГрждрж┐рж░ ржмрж▓рзЗ ржерж╛ржХрзЗржиред ржПржХржЯрж┐ ржзрж╛рж░ржгрж╛ рж╕ржмрж╛рж░ ржоржзрзНржпрзЗ ржкрзНрж░ржЪрж▓рж┐ржд ржЖржЫрзЗ ржпрзЗ, ржмрж╣рж┐ржГржмрж┐рж╢рзНржмрзЗрж░ ржХрзЛржирзЛ ржЕржЬрж╛ржирж╛ ржкрзНрж░рж╛ржгрзАрж░ ржмрж╛рж╕ рж╕рзЗржЦрж╛ржирзЗ, ржпрж╛рж░рж╛ рж╕рж░рзНржмржжрж╛ ржмрж╕рзЗ ржЖржЫрзЗ ржЖрж╢рзЗржкрж╛рж╢рзЗрж░ рж╕ржмржХрж┐ржЫрзБ ржЧрзНрж░рж╛рж╕ ржХрж░рзЗ ржирзЗржмрж╛рж░ ржЬржирзНржпред ржзрж╛рж░ржгрж╛ржорждрзЗ ржнрж┐ржиржЧрзНрж░рж╣рзЗрж░ ржорж╛ржирзБрж╖рзЗрж░рж╛ ржкрзГржерж┐ржмрзАрждрзЗ ржПрж╕рзЗ ржП рж╕рзНржерж╛ржиржЯрж┐ржХрзЗ рждрж╛ржжрзЗрж░ ржШрж╛ржБржЯрж┐ ржмрж╛ржирж┐рзЯрзЗ ржирзЗрзЯ ржПржмржВ ржП ржЕржЮрзНржЪрж▓рзЗрж░ ржнрж┐рждрж░рзЗ ржкрзНрж░ржмрзЗрж╢ржХрж╛рж░рзА рж╕ржХрж▓ ржХрж┐ржЫрзБрж░ ржЪрж┐рж╣рзНржи рждрж╛рж░рж╛ ржЧрж╛рзЯрзЗржм ржХрж░рзЗ ржжрзЗрзЯ ржпрж╛рждрзЗ ржХрзЗржЙ рждрж╛ржжрзЗрж░ ржмрзНржпрж╛ржкрж╛рж░рзЗ ржХрж┐ржЫрзБржЗ ржЬрж╛ржирждрзЗ ржирж╛ ржкрж╛рж░рзЗред ржоржЬрж╛рж░ ржмрж┐рж╖рзЯ рж╣рж┐рж╕рзЗржмрзЗ ржПржЗ ржЬрж╛рзЯржЧрж╛ржХрзЗ рждрзБрж▓ржирж╛ ржХрж░рж╛ ржпрзЗрждрзЗ ржкрж╛рж░рзЗ ржмрзНрж▓рзНржпрж╛ржХрж╣рзЛрж▓рзЗрж░ рж╕рж╛ржерзЗред ржпрзЗржЦрж╛ржирзЗ ржПржХржмрж╛рж░ ржХрзЗржЙ ржкрзНрж░ржмрзЗрж╢ ржХрж░рж▓рзЗ ржмрзЗрж░ рж╣ржУрзЯрж╛ рждрзЛ ржжрзВрж░рзЗрж░ ржХржерж╛ рждрж╛рж░ ржХрзЛржирзЛ ржЕрж╕рзНрждрж┐рждрзНржмржУ ржЦрзБржБржЬрзЗ ржкрж╛ржУрзЯрж╛ ржпрж╛рзЯ ржирж╛ред",kingsiam0.2
places that don't feel real,https://www.tiktok.com/@mdsamrat..s1/video/7354026655024696577,ржмрзНрж░рж┐ржЬржЯрж╛ ржнрзЗржЩрзЗ ржЧрзЗрж▓ ЁЯШнтЪУтЫ┤я╕П,mdsamrat..s1
places that don't feel real,https://www.tiktok.com/@raisavibez/video/7358775378166451464,In Sha AllahЁЯЗ░ЁЯЗ╖ЁЯТЦ,raisavibez
places that don't feel real,https://www.tiktok.com/@suleman_s1/video/7273147987927321857,ржЗрждрж╛рж▓рж┐ ржпрж╛ржУржпрж╝рж╛рж░ ржкржерзЗ рж╕рж╛ржЧрж░рзЗрж░ ржжрж┐ржХрзЗ ржнржпрж╝ржЩрзНржХрж░ ржПржХржЯрж┐ ржкрзНрж░рж╛ржгрзАрж░ ржжрзЗржЦрж╛ ржорж┐рж▓рж▓рзЛ ржХрждржЯрж╛ ржнржпрж╝ржВржХрж░ рж░рж╛рж╕рзНрждрж╛ ржкрж╛ржбрж╝рж┐ ржжрж┐ржпрж╝рзЗ рж╕рзНржмржкрзНржирзЗрж░ ржжрзЗрж╢ ржЗрждрж╛рж▓рж┐рждрзЗ ржпрж╛ржЗрждрзЗ рж╣ржпрж╝..!ЁЯЗоЁЯЗ╣ЁЯе║,suleman_s1
places that don't feel real,https://www.tiktok.com/@arman_mahmud04/video/7357265000890699009,"рж╣рж╛ржжрж┐рж╕ ржкрж╛рж░рзНржХ,ржЦрзБрж▓ржирж╛",arman_mahmud04
places that don't feel real,https://www.tiktok.com/@__jaber__/video/7004851375586823450,- BangladeshЁЯЗзЁЯЗй,__jaber__
places that don't feel real,https://www.tiktok.com/@as_sojib_vai/video/7278541654405942530,,as_sojib_vai
places that don't feel real,https://www.tiktok.com/@mizanur_rahman__2/video/7389512012176379143,ржкрзНрж░рждрж┐ржжрж┐ржирзЗрж░ ржмрзНржпрж╕рзНрждрждрж╛рж░ ржорж╛ржЭрзЗ ржПржЗ рж╕рзВрж░рзНржпрж╛рж╕рзНрждрзЗрж░ рж░ржЩ ржЖржорж╛ржХрзЗ ржирждрзБржи ржХрж░рзЗ ржмрж╛ржБржЪрж╛рж░ ржЖрж╢рж╛ ржЬрж╛ржЧрж╛ржпрж╝ред ЁЯМЖ,mizanur_rahman__2
places that don't feel real,https://www.tiktok.com/@world_traveling_000/video/7379962217136966929,the lost world,world_traveling_000
places that don't feel real,https://www.tiktok.com/@alxovi3/video/7378816830556720401,Beautiful SwitzerlandЁЯЗиЁЯЗн,alxovi3
places that don't feel real,https://www.tiktok.com/@rsrayhanchowdhury1/video/7333298847034117378,"ржЖржорж░рж╛ ржкрж╛рж╣рж╛ржбрж╝рзЗ рж╣рж╛рж░рж╛ржЗ ржирж╛,ржирж┐ржЬрзЗржХрзЗ ржЦрзБржБржЬрзЗ ржкрж╛ржЗ ржкрж╛рж╣рж╛ржбрж╝рзЗрж░ ржоржзрзНржпрзЗ... -ржорж╛ржЗрждрж╛ рждрзИржо ржкрж╛рж╣рж╛рзЬ, ржмрж╛ржирзНржжрж░ржмрж╛ржи",rsrayhanchowdhury1
places that don't feel real,https://www.tiktok.com/@raselahmed__1/video/7376615533766003985,Switzerland ЁЯШНЁЯСА,raselahmed__1
places that don't feel real,https://www.tiktok.com/@jobairehosenrobin035/video/7187980120215325954,Singapore viewЁЯЗ╕ЁЯЗмЁЯЗ╕ЁЯЗм ржХрж╛рж░ ржХрж╛рж░ dream country Singapore? ЁЯдй рж▓рзЗржЦрж╛ ржЫрж╛рзЬрж╛ version request video тЭдя╕П cr:video is collected from youtube (8kearth),jobairehosenrobin035
places that don't feel real,https://www.tiktok.com/@taekook_tiny07/video/7345088318016589074,Beauty of bangladeshЁЯТЩ,taekook_tiny07
places that don't feel real,https://www.tiktok.com/@alrafihossain67/video/7384842940599864594,рж╣рж╛ржЬрж╛рж░рзЛ ржЫрзЗрж▓рзЗрж░ рж╕ржкрзНржирзЗрж░ ржЗржЙрж░рзЛржк,alrafihossain67
places that don't feel real,https://www.tiktok.com/@ariyan_sagor_222/video/7306857062237998343,Maldives ЁЯШНЁЯСА,ariyan_sagor_222
places that don't feel real,https://www.tiktok.com/@raselahmed__1/video/7358333080869801217,"ржмрж┐ржЦрзНржпрж╛ржд [ ржЖржЗржлрзЗрж▓ ржЯрж╛ржУржпрж╝рж╛рж░ ] ржкрзНржпрж╛рж░рж┐рж╕, ржлрзНрж░рж╛ржирзНрж╕ред ржбрзНрж░рзЛржи ржнрж┐ржбрж┐ржУ",raselahmed__1
places that don't feel real,https://www.tiktok.com/@daily_life_24_/video/7364080456221871365,ЁЯе╣ЁЯТФ! Dress,daily_life_24_
places that don't feel real,https://www.tiktok.com/@misschocolate67/video/7228634476409048321,"Dream Country..ЁЯСЗ Switzerland..ЁЯЗиЁЯЗн.""!ЁЯФеЁЯе░.""",misschocolate67
places that don't feel real,https://www.tiktok.com/@offline_editor_100/video/7390215146301345042,ржирж┐ржХрж▓рзА рж╣рж╛ржУрж░рзЗрж░ ржЖрж▓ржкржирж╛ ржЕржЩрзНржХрж┐ржд рж╕рзЗржЗ ржмрж┐ржЦрзНржпрж╛ржд рж░рж╛рж╕рзНрждрж╛,offline_editor_100
places that don't feel real,https://www.tiktok.com/@zahir.nature/video/7386252741909286151,Some places on earth that don't feel real,zahir.nature
places that don't feel real,https://www.tiktok.com/@rifat5010/video/7421944587695951122,,rifat5010
places that don't feel real,https://www.tiktok.com/@mohammad_nafii/video/7358834471333858561,Part 907 ||,mohammad_nafii
places that don't feel real,https://www.tiktok.com/@rifat___editz/video/7362096156697955589,water bridge china,rifat___editz
places that don't feel real,https://www.tiktok.com/@motivation.for.dr/video/7367068908190256392,"London, View Buetiful For you ЁЯЦдЁЯЦд",motivation.for.dr
places that don't feel real,https://www.tiktok.com/@shamimuddin795/video/7221521143658777857,"Milky seas, mareel ЁЯМК",shamimuddin795
places that don't feel real,https://www.tiktok.com/@dazai_osami16/video/7176602918374657281,,dazai_osami16
places that don't feel real,https://www.tiktok.com/@md__favrj__786/video/7288721585974873345,Beautiful And Greeneries Place Dream Holiday Park ЁЯТпЁЯТп,md__favrj__786
places that don't feel real,https://www.tiktok.com/@brothers_editzx/video/7149922556965850395,Downtown Dhaka. 360┬░ aerial view. All Rights Reserved By Meer Sadi.,brothers_editzx
places that don't feel real,https://www.tiktok.com/@shuman.mahamud/video/6897185414046682369,ржХрж┐ ржЖржЫрзЗ ржПржЗ Congo ржЬржЩрзНржЧрж▓рзЗ? | ЁЯШ▒ЁЯШи | Congo Jungle | Facts Flow |,shuman.mahamud
places that don't feel real,https://www.tiktok.com/@emon30134/video/7405479033091132692,Time Square тЭдя╕П,emon30134
places that don't feel real,https://www.tiktok.com/@facts.flow24/video/7368308391170559239,ржЖрж╕рж╕рж╛рж▓рж╛ржорзБ ржЖрж▓рж╛ржЗржХрзБржо ржжрзЗржЦрзБржи ржХрж┐ ржнржпрж╝ржВржХрж░ рж╕рж╛ржк,facts.flow24
places that don't feel real,https://www.tiktok.com/@william_justin5/video/7361994391407299846,the lost world ЁЯМН,william_justin5
travel hacks,https://www.tiktok.com/@sh.arpita/video/7391836173850643728,тЬиЁЯХКя╕П,sh.arpita
travel hacks,https://www.tiktok.com/@samia.hasanat/video/7155830114020871425,HELLO DHAKA! ЁЯЗзЁЯЗйтЬИя╕ПЁЯл╢ЁЯП╗,samia.hasanat
travel hacks,https://www.tiktok.com/@lifeismeow/video/7309484263815286018,Pack my dresses with me for a 7 days trip. тЬи,lifeismeow
travel hacks,https://www.tiktok.com/@revenger6009/video/7288989561743543570,Pen spinning Tutorial,revenger6009
travel hacks,https://www.tiktok.com/@_powshi_/video/7151636748840258817,The journey of a thousand miles begins with a single step.,_powshi_
travel hacks,https://www.tiktok.com/@taju552/video/7001518061043977499,do it every day,taju552
travel hacks,https://www.tiktok.com/@flamingo_bd/video/7322383392736120072,Sanrio Waterbottle now available at Flamingo BD тЬи,flamingo_bd
travel hacks,https://www.tiktok.com/@jahidahmed1910/video/7210769468929101058,,jahidahmed1910
travel hacks,https://www.tiktok.com/@titu00075/video/6990635808059313435,3 easy exercise you can do at the home without any gym equipment #,titu00075
travel hacks,https://www.tiktok.com/@mix_couple_/video/7341352072907984136,POV- Trypophobia as makeup.... do you have any phobiaЁЯде,mix_couple_
travel hacks,https://www.tiktok.com/@darkchilld1/video/7374854738115874055,,darkchilld1
travel hacks,https://www.tiktok.com/@srofficialbd/video/7089784671248125210,ржЕржирзЗржХ рж╕рзБржирзНржжрж░ ржЧрж▓рж╛рж░ рж╣рж╛рж░,srofficialbd
travel hacks,https://www.tiktok.com/@sadiya7x28/video/7377056770834959623,with,sadiya7x28
travel hacks,https://www.tiktok.com/@sadiaptdkme/video/7406709106192551176,AlhamdulillahЁЯд▓we got spain family visa..!ЁЯЗкЁЯЗ╕тЬИя╕ПЁЯе║,sadiaptdkme
travel hacks,https://www.tiktok.com/@angel__sadia__07/video/7386253136811298056,DOMS BRUSH PENS - 26 DHADES || UNBOXING + REVIEW || Best Brush Pen For Beginners,angel__sadia__07
travel hacks,https://www.tiktok.com/@asthetichidayah/video/7343473833959066898,"ржЖржорж╛ржХрзЗ рж╕рж╛ржорж╛ржирзНржпржЗ ржнрж╛рж▓рзЛржмрзЗрж╕рзЛ, ржХрж┐ржирзНрждрзБ рждрж╛ ржпрзЗржирзЛ ржжрзАрж░рзНржШржжрж┐ржирзЗрж░ ржПржмржВ ржПржХржорж╛ржП ржЖржорж╛ржХрзЗржЗ рж╣рзЯ!ЁЯМ╕тЭдя╕П",asthetichidayah
travel hacks,https://www.tiktok.com/@abw_faisal/video/7421941744305966343,ЁЯЗзЁЯЗйтЬИя╕ПЁЯЗ║ЁЯЗ▓,abw_faisal
travel hacks,https://www.tiktok.com/@zainulabdin12346/video/7397629688060939538,Singapore training center,zainulabdin12346
travel hacks,https://www.tiktok.com/@mamunsp820/video/7382772694573518087,Got my usa visa alhamdulillah ЁЯШНthank u Allah ЁЯе░тШ║я╕П,mamunsp820
travel hacks,https://www.tiktok.com/@sunsinenila/video/7054190352831417627,A journey by train ЁЯЪВ,sunsinenila
travel hacks,https://www.tiktok.com/@mehazabienchowdhury/video/6903026206078242050,DIY TripodтЬи,mehazabienchowdhury
travel hacks,https://www.tiktok.com/@artistic_rifat/video/7404813538142768392,тЬИя╕ПЁЯТЪ,artistic_rifat
travel hacks,https://www.tiktok.com/@rusafalia/video/7333174077433138450,My 2023 ending with this unforgettable moment of my life. Tb to Feb 23.тЭдя╕П,rusafalia
travel hacks,https://www.tiktok.com/@ishraq_mahir/video/7310531794145725697,Did you visit Zero Gravity in Dhaka yet?,ishraq_mahir
travel hacks,https://www.tiktok.com/@rrshahed/video/7306026898650434834,part 321 | # Beautiful Port Louis mauritiusЁЯЗ▓ЁЯЗ║ЁЯМЖЁЯТЮЁЯеАЁЯдй,rrshahed
travel hacks,https://www.tiktok.com/@rifat___editz/video/7378444943670480146,Qatar ЁЯЗ╢ЁЯЗж Airlines Cabin crew,rifat___editz
travel hacks,https://www.tiktok.com/@nadia.brishty/video/6989622014764010753,Have a safe flight bondu ЁЯЗмЁЯЗз.Desh o akla oigelam but deka oibo(In sha Allah),nadia.brishty
travel hacks,https://www.tiktok.com/@arif.sunny/video/7160968896583830810,рззрзж ржорж╛рж╕ ржЯрж╛ржХрж╛ ржЬржорж┐рзЯрзЗржЫрж┐ ЁЯе░ЁЯе░ ржЕржмрж╢рзЗрж╖рзЗ ржкрзНрж░рж╛ржкрзНрждрж┐ ЁЯМ╗ Alhamdulillah тЭдя╕ПтЭдя╕ПтЭдя╕П,arif.sunny
travel hacks,https://www.tiktok.com/@splite6/video/7367738123188571399,Malaysia ЁЯЗ▓ЁЯЗ╛,splite6
travel hacks,https://www.tiktok.com/@maruf_hussain2/video/7355732998597119239,Just a simple view but it is so refreshing for your mind .ЁЯдНЁЯНГЁЯЦд,maruf_hussain2
travel hacks,https://www.tiktok.com/@travelwith_sagor/video/7402891989382925575,ржЪржЯрзНржЯржЧрзНрж░рж╛ржорзЗрж░ Radisson Blu рждрзЗ рж╢рзБрж░рзБ рж╣рзЯрзЗ ржЧрж┐рзЯрзЗржЫрзЗ рзй ржжрж┐ржиржмрзНржпрж╛ржкрзА Eid shopping feastтЭдя╕П,travelwith_sagor
travel hacks,https://www.tiktok.com/@arabiii_jannat/video/7372551615619845393,View тЬия╕П,arabiii_jannat
travel hacks,https://www.tiktok.com/@the_gallery_09/video/7272674278426856706,In Sha AllahЁЯЗ░ЁЯЗ╖ЁЯТЦ,the_gallery_09
travel hacks,https://www.tiktok.com/@raisavibez/video/7358775378166451464,ржХржо ржжрж╛ржорзЗ ржПрж░рж╛ржХржо рж╕рзНржЯрж╛ржЗрж▓рж┐рж╢ ржПрзЯрж╛рж░ржмрж╛ржбрж╕ ржкрж╛ржУрзЯрж╛ ржЦрзБржм ржХржарж┐ржи ЁЯШН,raisavibez
travel hacks,https://www.tiktok.com/@aitekbd_onlineshop/video/7388018409864219924,Beautiful SikkimтАж,aitekbd_onlineshop
travel hacks,https://www.tiktok.com/@sinthiayasmin_nupur/video/7008449814258060571,ржЪрж╛рзЯржирж╛ ржЖржмрж┐рж╖рзНржХрж╛рж░ЁЯе╢ ржШрж░рзЗрж░ ржнрж┐рждрж░рзЗ ржмрзГрж╖рзНржЯрж┐рж░ ржоржЬрж╛ ЁЯМжя╕П Most Unique Gadget,sinthiayasmin_nupur
travel hacks,https://www.tiktok.com/@jhaltech/video/7374052977847454994,Alyaanah's First domestic flight ЁЯШН,jhaltech
travel hacks,https://www.tiktok.com/@nuzairah_anzish/video/7209230748799257864,,nuzairah_anzish
travel hacks,https://www.tiktok.com/@mdrobiul7136/video/7286813451966631186,,mdrobiul7136
travel hacks,https://www.tiktok.com/@hrrahul363/video/7230352203762945288,Luggage shopping at Bangkok,hrrahul363
travel hacks,https://www.tiktok.com/@fazle_rabby_ron/video/7389347137361874184,ЁЭШР ЁЭШЙЁЭШжЁЭШнЁЭШкЁЭШ╖ЁЭШж ЁЭШ╡ЁЭШйЁЭШвЁЭШ╡ ЁЯЩВ ЁЭШ╡ЁЭШм ЁЭШеЁЭШкЁЭШ║ЁЭШж ЁЭШ┤ЁЭШ╢ЁЭШмЁЭШй ЁЭШмЁЭШжЁЭШпЁЭШв ЁЭШлЁЭШвЁЭШк тЭдя╕П ЁЭШИЁЭШиЁЭШж ЁЭШгЁЭШкЁЭШ┤ЁЭШ┤ЁЭШвЁЭШ┤ЁЭШй ЁЭШмЁЭШ░ЁЭШ│ЁЭШ╡ЁЭШвЁЭШо ЁЭШпЁЭШв ЁЭШгЁЭШ╢ЁЭШ╡ ЁЭШжЁЭШмЁЭШйЁЭШп ЁЭШмЁЭШ░ЁЭШ│ЁЭШк ЁЯШЕ,fazle_rabby_ron
travel hacks,https://www.tiktok.com/@nusratmim3073/video/7107122444804066586,ItтАЩs just a passport cover ЁЯдгЁЯдг not usa passport ЁЯдгЁЯдг right now IтАЩm living ЁЯЗжЁЯЗк uae ЁЯдгЁЯдгЁЯдг clear everything ЁЯдг,nusratmim3073
travel hacks,https://www.tiktok.com/@mdanamulkarim/video/7196835282325441793,ЁЯе░тЬИя╕ПтЬИя╕ПржХрждржЯрж╛ ржмржЫрж░ ржкрж░ рждрзЛржорж╛ржХрзЗ ржХрж╛ржЫрзЗ ржкрзЗрж▓рж╛ржо ржХрзНржпрж╛ржкрж╢ржи ржХрж┐ рж▓рж┐ржЦржмрзЛ ржмрзБржЭрждрзЗржЫрж┐ ржирж╛ ржПржд ржЦрзБрж╢рж┐ рж▓рж╛ржЧрждрж╛ржЫрзЗ ЁЯШНЁЯе░ЁЯШШЁЯШШ,mdanamulkarim
travel hacks,https://www.tiktok.com/@mimshokh1/video/7333660384613731585,Bangladesh ЁЯЗзЁЯЗй airport baggage collect area тЭдя╕П,mimshokh1
travel hacks,https://www.tiktok.com/@forhad_002/video/7173712311042051354,ЁЯШОЁЯШО freelancer boss ЁЯШОЁЯШО,forhad_002
travel hacks,https://www.tiktok.com/@humayrahimu971/video/7349908039257918721,Homemade cute bank ЁЯе░тЬи,humayrahimu971
travel hacks,https://www.tiktok.com/@sumi.binte.bashar/video/7331023669738753298,ржЧрзЗржорж┐ржВ ржерзЗржХрзЗ ржкрзНрж░ржержо ржХржд ржЯрж╛ржХрж╛ ржЗржиржХрж╛ржо ржХрж░рзЗржЫрж┐рж▓рзЗржи,sumi.binte.bashar
travel hacks,https://www.tiktok.com/@bkash/video/7390278837914979605,Hello from LADAKH!ЁЯМ╕ЁЯЦд,bkash
travel hacks,https://www.tiktok.com/@raskin2000/video/7370673893977246994,_ Goodbye Bangladesh ЁЯе║тЭдя╕ПЁЯЗзЁЯЗй,raskin2000
travel hacks,https://www.tiktok.com/@shuvo_sahab/video/7184014183569149186,,shuvo_sahab
travel hacks,https://www.tiktok.com/@eka.pakhi3/video/7416934983379602696,ржХрж╛рждрж╛рж░ ЁЯЗ╢ЁЯЗжЁЯдйЁЯТе,eka.pakhi3
travel hacks,https://www.tiktok.com/@saiful_afran_editz/video/7376919449674255634,part 2 | how to make a diy tweezer.,saiful_afran_editz
travel hacks,https://www.tiktok.com/@daisxoco16/video/7323540028725005586,ржкрзНрж░ржЪрзБрж░ ржЯрж╛ржХрж╛ ржЗржиржХрж╛ржо ржХрж░рждрзЗ рж╣ржмрзЗ,daisxoco16
travel hacks,https://www.tiktok.com/@mdajom025/video/7149156736300240154,ржкрзНрж▓рзЗржирзЗрж░ ржнрж┐рждрж░рзЗ ржЙржарзЗ #####,mdajom025
travel hacks,https://www.tiktok.com/@nargis_r14/video/7205984411974749441,,nargis_r14
travel hacks,https://www.tiktok.com/@fly.job/video/7350009289618083080,ржкрж╛рж╣рж╛ржбрж╝ ржирж╛ржХрж┐ рж╕ржорзБржжрзНрж░ ? Maldives er shob cheye best experience chilo ai Dolphin cruise! ЁЯЪв vlog dekhechen shobai? ЁЯе░,fly.job
travel hacks,https://www.tiktok.com/@nowshin_rh_anika/video/7104285863202360603,A video where dream becomes trueтЬи,nowshin_rh_anika
travel hacks,https://www.tiktok.com/@tikproggatok/video/7307226147048213762,рж╕рзБржЗржЬрж╛рж░рж▓рзНржпрж╛ржирзНржбрзЗрж░ рждрж┐рждрж▓рж┐рж╕ ржорж╛ржЙржирзНржЯрзЗржи,tikproggatok
travel hacks,https://www.tiktok.com/@mdmiraj227/video/7193956410097487106,,mdmiraj227
