hastag,url,caption,author
traveltok,https://www.tiktok.com/@epicexploring/video/7242368881744973082,"<selenium.webdriver.remote.webelement.WebElement (session=""31011a278e965754811769eaf9b65f0e"", element=""f.1F1DA73BE2D201A77DF3EE8E970E1051.d.E480A24A0DAADD018EC31E8F4016558A.e.393"")>",epicexploring
traveltok,https://www.tiktok.com/@elimwenda/video/7310561750833728774,"<selenium.webdriver.remote.webelement.WebElement (session=""31011a278e965754811769eaf9b65f0e"", element=""f.1F1DA73BE2D201A77DF3EE8E970E1051.d.E480A24A0DAADD018EC31E8F4016558A.e.394"")>",charleswahinya_
traveltok,https://www.tiktok.com/@charleswahinya_/video/7309850282521890053,"<selenium.webdriver.remote.webelement.WebElement (session=""31011a278e965754811769eaf9b65f0e"", element=""f.1F1DA73BE2D201A77DF3EE8E970E1051.d.E480A24A0DAADD018EC31E8F4016558A.e.395"")>",rheen_ruby
traveltok,https://www.tiktok.com/@rheen_ruby/video/7307962355248286982,"<selenium.webdriver.remote.webelement.WebElement (session=""31011a278e965754811769eaf9b65f0e"", element=""f.1F1DA73BE2D201A77DF3EE8E970E1051.d.E480A24A0DAADD018EC31E8F4016558A.e.396"")>",jovenchi.k
traveltok,https://www.tiktok.com/@jovenchi.k/video/7308708064994036997,"<selenium.webdriver.remote.webelement.WebElement (session=""31011a278e965754811769eaf9b65f0e"", element=""f.1F1DA73BE2D201A77DF3EE8E970E1051.d.E480A24A0DAADD018EC31E8F4016558A.e.397"")>",shique_phillips
traveltok,https://www.tiktok.com/@shique_phillips/video/7301722332366703878,"<selenium.webdriver.remote.webelement.WebElement (session=""31011a278e965754811769eaf9b65f0e"", element=""f.1F1DA73BE2D201A77DF3EE8E970E1051.d.E480A24A0DAADD018EC31E8F4016558A.e.398"")>",elimwenda
traveltok,https://www.tiktok.com/@elimwenda/video/7308988714699558150,"<selenium.webdriver.remote.webelement.WebElement (session=""31011a278e965754811769eaf9b65f0e"", element=""f.1F1DA73BE2D201A77DF3EE8E970E1051.d.E480A24A0DAADD018EC31E8F4016558A.e.399"")>",shique_phillips
traveltok,https://www.tiktok.com/@shique_phillips/video/7298770275301182725,"<selenium.webdriver.remote.webelement.WebElement (session=""31011a278e965754811769eaf9b65f0e"", element=""f.1F1DA73BE2D201A77DF3EE8E970E1051.d.E480A24A0DAADD018EC31E8F4016558A.e.400"")>",travelwithrica
traveltok,https://www.tiktok.com/@travelwithrica/video/7282058756731473184,"<selenium.webdriver.remote.webelement.WebElement (session=""31011a278e965754811769eaf9b65f0e"", element=""f.1F1DA73BE2D201A77DF3EE8E970E1051.d.E480A24A0DAADD018EC31E8F4016558A.e.401"")>",shique_phillips
traveltok,https://www.tiktok.com/@shique_phillips/video/7285394703615364358,"<selenium.webdriver.remote.webelement.WebElement (session=""31011a278e965754811769eaf9b65f0e"", element=""f.1F1DA73BE2D201A77DF3EE8E970E1051.d.E480A24A0DAADD018EC31E8F4016558A.e.402"")>",travelwithrica
traveltok,https://www.tiktok.com/@travelwithrica/video/7282433862741855520,"<selenium.webdriver.remote.webelement.WebElement (session=""31011a278e965754811769eaf9b65f0e"", element=""f.1F1DA73BE2D201A77DF3EE8E970E1051.d.E480A24A0DAADD018EC31E8F4016558A.e.403"")>",paola_audrey
traveltok,https://www.tiktok.com/@paola_audrey/video/7286035081091714337,"<selenium.webdriver.remote.webelement.WebElement (session=""31011a278e965754811769eaf9b65f0e"", element=""f.1F1DA73BE2D201A77DF3EE8E970E1051.d.E480A24A0DAADD018EC31E8F4016558A.e.404"")>",perfectstrangerssfaris
traveltok,https://www.tiktok.com/@perfectstrangerssfaris/video/7287340979751832838,"<selenium.webdriver.remote.webelement.WebElement (session=""31011a278e965754811769eaf9b65f0e"", element=""f.1F1DA73BE2D201A77DF3EE8E970E1051.d.E480A24A0DAADD018EC31E8F4016558A.e.405"")>",doctalulu
traveltok,https://www.tiktok.com/@doctalulu/video/7283365745143123205,"<selenium.webdriver.remote.webelement.WebElement (session=""31011a278e965754811769eaf9b65f0e"", element=""f.1F1DA73BE2D201A77DF3EE8E970E1051.d.E480A24A0DAADD018EC31E8F4016558A.e.406"")>",lunnrojars
traveltok,https://www.tiktok.com/@lunnrojars/video/7285841311259790597,"<selenium.webdriver.remote.webelement.WebElement (session=""31011a278e965754811769eaf9b65f0e"", element=""f.1F1DA73BE2D201A77DF3EE8E970E1051.d.E480A24A0DAADD018EC31E8F4016558A.e.407"")>",aderinsolao
traveltok,https://www.tiktok.com/@aderinsolao/video/7293443449448123653,"<selenium.webdriver.remote.webelement.WebElement (session=""31011a278e965754811769eaf9b65f0e"", element=""f.1F1DA73BE2D201A77DF3EE8E970E1051.d.E480A24A0DAADD018EC31E8F4016558A.e.408"")>",paola_audrey
traveltok,https://www.tiktok.com/@paola_audrey/video/7288810821751229728,"<selenium.webdriver.remote.webelement.WebElement (session=""31011a278e965754811769eaf9b65f0e"", element=""f.1F1DA73BE2D201A77DF3EE8E970E1051.d.E480A24A0DAADD018EC31E8F4016558A.e.409"")>",msafiri.co
traveltok,https://www.tiktok.com/@msafiri.co/video/7281357511393856773,"<selenium.webdriver.remote.webelement.WebElement (session=""31011a278e965754811769eaf9b65f0e"", element=""f.1F1DA73BE2D201A77DF3EE8E970E1051.d.E480A24A0DAADD018EC31E8F4016558A.e.410"")>",villamanmalindi80
traveltok,https://www.tiktok.com/@villamanmalindi80/video/7302125536036375814,"<selenium.webdriver.remote.webelement.WebElement (session=""31011a278e965754811769eaf9b65f0e"", element=""f.1F1DA73BE2D201A77DF3EE8E970E1051.d.E480A24A0DAADD018EC31E8F4016558A.e.411"")>",travelwithrica
traveltok,https://www.tiktok.com/@travelwithrica/video/7286525873933667617,"<selenium.webdriver.remote.webelement.WebElement (session=""31011a278e965754811769eaf9b65f0e"", element=""f.1F1DA73BE2D201A77DF3EE8E970E1051.d.E480A24A0DAADD018EC31E8F4016558A.e.412"")>",__suzie__a
traveltok,https://www.tiktok.com/@__suzie__a/video/7286046089306836230,"<selenium.webdriver.remote.webelement.WebElement (session=""31011a278e965754811769eaf9b65f0e"", element=""f.1F1DA73BE2D201A77DF3EE8E970E1051.d.E480A24A0DAADD018EC31E8F4016558A.e.413"")>",rheen_ruby
traveltok,https://www.tiktok.com/@rheen_ruby/video/7306768942754778374,"<selenium.webdriver.remote.webelement.WebElement (session=""31011a278e965754811769eaf9b65f0e"", element=""f.1F1DA73BE2D201A77DF3EE8E970E1051.d.E480A24A0DAADD018EC31E8F4016558A.e.414"")>",rheen_ruby
traveltok,https://www.tiktok.com/@rheen_ruby/video/7293946084513074437,"<selenium.webdriver.remote.webelement.WebElement (session=""31011a278e965754811769eaf9b65f0e"", element=""f.1F1DA73BE2D201A77DF3EE8E970E1051.d.E480A24A0DAADD018EC31E8F4016558A.e.415"")>",winnkarue
traveltok,https://www.tiktok.com/@winnkarue/video/7307216222712679686,"<selenium.webdriver.remote.webelement.WebElement (session=""31011a278e965754811769eaf9b65f0e"", element=""f.1F1DA73BE2D201A77DF3EE8E970E1051.d.E480A24A0DAADD018EC31E8F4016558A.e.416"")>",lian_ireri
traveltok,https://www.tiktok.com/@lian_ireri/video/7293865259478043910,"<selenium.webdriver.remote.webelement.WebElement (session=""31011a278e965754811769eaf9b65f0e"", element=""f.1F1DA73BE2D201A77DF3EE8E970E1051.d.E480A24A0DAADD018EC31E8F4016558A.e.417"")>",travellingtee
traveltok,https://www.tiktok.com/@travellingtee/video/7296792426780347654,"<selenium.webdriver.remote.webelement.WebElement (session=""31011a278e965754811769eaf9b65f0e"", element=""f.1F1DA73BE2D201A77DF3EE8E970E1051.d.E480A24A0DAADD018EC31E8F4016558A.e.418"")>",lwazztooniice
traveltok,https://www.tiktok.com/@lwazztooniice/video/7300520379330645253,"<selenium.webdriver.remote.webelement.WebElement (session=""31011a278e965754811769eaf9b65f0e"", element=""f.1F1DA73BE2D201A77DF3EE8E970E1051.d.E480A24A0DAADD018EC31E8F4016558A.e.419"")>",djsholz
traveltok,https://www.tiktok.com/@djsholz/video/7312066177889619233,"<selenium.webdriver.remote.webelement.WebElement (session=""31011a278e965754811769eaf9b65f0e"", element=""f.1F1DA73BE2D201A77DF3EE8E970E1051.d.E480A24A0DAADD018EC31E8F4016558A.e.420"")>",ferinajo
traveltok,https://www.tiktok.com/@ferinajo/video/7311335991875325189,"<selenium.webdriver.remote.webelement.WebElement (session=""31011a278e965754811769eaf9b65f0e"", element=""f.1F1DA73BE2D201A77DF3EE8E970E1051.d.E480A24A0DAADD018EC31E8F4016558A.e.421"")>",im_a.bigail
wanderlust,https://www.tiktok.com/@sembalunlombok/video/7199666207736352026,"<selenium.webdriver.remote.webelement.WebElement (session=""31011a278e965754811769eaf9b65f0e"", element=""f.1F1DA73BE2D201A77DF3EE8E970E1051.d.03EA4207DA70734600997872280E6E58.e.518"")>",sembalunlombok
wanderlust,https://www.tiktok.com/@digital_zoo/video/7193304714526739755,"<selenium.webdriver.remote.webelement.WebElement (session=""31011a278e965754811769eaf9b65f0e"", element=""f.1F1DA73BE2D201A77DF3EE8E970E1051.d.03EA4207DA70734600997872280E6E58.e.519"")>",digital_zoo
wanderlust,https://www.tiktok.com/@mddyelrck/video/7237675316620168454,"<selenium.webdriver.remote.webelement.WebElement (session=""31011a278e965754811769eaf9b65f0e"", element=""f.1F1DA73BE2D201A77DF3EE8E970E1051.d.03EA4207DA70734600997872280E6E58.e.520"")>",mddyelrck
wanderlust,https://www.tiktok.com/@skiimage/video/7416647439370816801,"<selenium.webdriver.remote.webelement.WebElement (session=""31011a278e965754811769eaf9b65f0e"", element=""f.1F1DA73BE2D201A77DF3EE8E970E1051.d.03EA4207DA70734600997872280E6E58.e.521"")>",skiimage
wanderlust,https://www.tiktok.com/@romania/video/7351152175386578209,"<selenium.webdriver.remote.webelement.WebElement (session=""31011a278e965754811769eaf9b65f0e"", element=""f.1F1DA73BE2D201A77DF3EE8E970E1051.d.03EA4207DA70734600997872280E6E58.e.522"")>",romania
wanderlust,https://www.tiktok.com/@witchynanners.adventures/video/7221401421961415982,"<selenium.webdriver.remote.webelement.WebElement (session=""31011a278e965754811769eaf9b65f0e"", element=""f.1F1DA73BE2D201A77DF3EE8E970E1051.d.03EA4207DA70734600997872280E6E58.e.523"")>",witchynanners.adventures
wanderlust,https://www.tiktok.com/@cam.xtt/video/7388861279454186784,"<selenium.webdriver.remote.webelement.WebElement (session=""31011a278e965754811769eaf9b65f0e"", element=""f.1F1DA73BE2D201A77DF3EE8E970E1051.d.03EA4207DA70734600997872280E6E58.e.524"")>",cam.xtt
wanderlust,https://www.tiktok.com/@yuan22ce/video/7416419980540906769,"<selenium.webdriver.remote.webelement.WebElement (session=""31011a278e965754811769eaf9b65f0e"", element=""f.1F1DA73BE2D201A77DF3EE8E970E1051.d.03EA4207DA70734600997872280E6E58.e.525"")>",yuan22ce
wanderlust,https://www.tiktok.com/@_gallivant_with_us/video/7357069456306212128,"<selenium.webdriver.remote.webelement.WebElement (session=""31011a278e965754811769eaf9b65f0e"", element=""f.1F1DA73BE2D201A77DF3EE8E970E1051.d.03EA4207DA70734600997872280E6E58.e.526"")>",_gallivant_with_us
wanderlust,https://www.tiktok.com/@paulgregnueve/video/7407656297744600340,"<selenium.webdriver.remote.webelement.WebElement (session=""31011a278e965754811769eaf9b65f0e"", element=""f.1F1DA73BE2D201A77DF3EE8E970E1051.d.03EA4207DA70734600997872280E6E58.e.527"")>",paulgregnueve
wanderlust,https://www.tiktok.com/@mike_p____/video/7400762043940244742,"<selenium.webdriver.remote.webelement.WebElement (session=""31011a278e965754811769eaf9b65f0e"", element=""f.1F1DA73BE2D201A77DF3EE8E970E1051.d.03EA4207DA70734600997872280E6E58.e.528"")>",mike_p____
wanderlust,https://www.tiktok.com/@letsgetlosttravels/video/7306958537580645664,"<selenium.webdriver.remote.webelement.WebElement (session=""31011a278e965754811769eaf9b65f0e"", element=""f.1F1DA73BE2D201A77DF3EE8E970E1051.d.03EA4207DA70734600997872280E6E58.e.529"")>",letsgetlosttravels
wanderlust,https://www.tiktok.com/@viagememdosedupla/video/7271426912382209286,"<selenium.webdriver.remote.webelement.WebElement (session=""31011a278e965754811769eaf9b65f0e"", element=""f.1F1DA73BE2D201A77DF3EE8E970E1051.d.03EA4207DA70734600997872280E6E58.e.530"")>",viagememdosedupla
wanderlust,https://www.tiktok.com/@plasticgymrat/video/7343716934208277802,"<selenium.webdriver.remote.webelement.WebElement (session=""31011a278e965754811769eaf9b65f0e"", element=""f.1F1DA73BE2D201A77DF3EE8E970E1051.d.03EA4207DA70734600997872280E6E58.e.531"")>",plasticgymrat
wanderlust,https://www.tiktok.com/@girlwithapassport/video/7386445410291715358,"<selenium.webdriver.remote.webelement.WebElement (session=""31011a278e965754811769eaf9b65f0e"", element=""f.1F1DA73BE2D201A77DF3EE8E970E1051.d.03EA4207DA70734600997872280E6E58.e.532"")>",girlwithapassport
wanderlust,https://www.tiktok.com/@swisswoow/video/7361777199805975841,"<selenium.webdriver.remote.webelement.WebElement (session=""31011a278e965754811769eaf9b65f0e"", element=""f.1F1DA73BE2D201A77DF3EE8E970E1051.d.03EA4207DA70734600997872280E6E58.e.533"")>",swisswoow
wanderlust,https://www.tiktok.com/@b0rn2travel/video/7359048259538570501,"<selenium.webdriver.remote.webelement.WebElement (session=""31011a278e965754811769eaf9b65f0e"", element=""f.1F1DA73BE2D201A77DF3EE8E970E1051.d.03EA4207DA70734600997872280E6E58.e.534"")>",b0rn2travel
wanderlust,https://www.tiktok.com/@blancaperezt/video/7295614796978785569,"<selenium.webdriver.remote.webelement.WebElement (session=""31011a278e965754811769eaf9b65f0e"", element=""f.1F1DA73BE2D201A77DF3EE8E970E1051.d.03EA4207DA70734600997872280E6E58.e.535"")>",blancaperezt
wanderlust,https://www.tiktok.com/@winedinenashville/video/7376076233240481066,"<selenium.webdriver.remote.webelement.WebElement (session=""31011a278e965754811769eaf9b65f0e"", element=""f.1F1DA73BE2D201A77DF3EE8E970E1051.d.03EA4207DA70734600997872280E6E58.e.536"")>",winedinenashville
wanderlust,https://www.tiktok.com/@nyi.zola/video/7394915756955290913,"<selenium.webdriver.remote.webelement.WebElement (session=""31011a278e965754811769eaf9b65f0e"", element=""f.1F1DA73BE2D201A77DF3EE8E970E1051.d.03EA4207DA70734600997872280E6E58.e.537"")>",nyi.zola
wanderlust,https://www.tiktok.com/@travelmode.bh/video/7220577970040098049,"<selenium.webdriver.remote.webelement.WebElement (session=""31011a278e965754811769eaf9b65f0e"", element=""f.1F1DA73BE2D201A77DF3EE8E970E1051.d.03EA4207DA70734600997872280E6E58.e.538"")>",travelmode.bh
wanderlust,https://www.tiktok.com/@mike_p____/video/7402212738715389190,"<selenium.webdriver.remote.webelement.WebElement (session=""31011a278e965754811769eaf9b65f0e"", element=""f.1F1DA73BE2D201A77DF3EE8E970E1051.d.03EA4207DA70734600997872280E6E58.e.539"")>",mike_p____
wanderlust,https://www.tiktok.com/@duetfriday/video/7208303819967483142,"<selenium.webdriver.remote.webelement.WebElement (session=""31011a278e965754811769eaf9b65f0e"", element=""f.1F1DA73BE2D201A77DF3EE8E970E1051.d.03EA4207DA70734600997872280E6E58.e.540"")>",duetfriday
wanderlust,https://www.tiktok.com/@switzerland_explores/video/7294216065775668486,"<selenium.webdriver.remote.webelement.WebElement (session=""31011a278e965754811769eaf9b65f0e"", element=""f.1F1DA73BE2D201A77DF3EE8E970E1051.d.03EA4207DA70734600997872280E6E58.e.541"")>",switzerland_explores
wanderlust,https://www.tiktok.com/@travel_connoisseur/video/7314508803859418400,"<selenium.webdriver.remote.webelement.WebElement (session=""31011a278e965754811769eaf9b65f0e"", element=""f.1F1DA73BE2D201A77DF3EE8E970E1051.d.03EA4207DA70734600997872280E6E58.e.542"")>",travel_connoisseur
wanderlust,https://www.tiktok.com/@rcdhugo/video/7343102027947445537,"<selenium.webdriver.remote.webelement.WebElement (session=""31011a278e965754811769eaf9b65f0e"", element=""f.1F1DA73BE2D201A77DF3EE8E970E1051.d.03EA4207DA70734600997872280E6E58.e.543"")>",rcdhugo
wanderlust,https://www.tiktok.com/@geneefur/video/7351880077174459691,"<selenium.webdriver.remote.webelement.WebElement (session=""31011a278e965754811769eaf9b65f0e"", element=""f.1F1DA73BE2D201A77DF3EE8E970E1051.d.03EA4207DA70734600997872280E6E58.e.544"")>",geneefur
wanderlust,https://www.tiktok.com/@switzerland_explores/video/7266896486342987013,"<selenium.webdriver.remote.webelement.WebElement (session=""31011a278e965754811769eaf9b65f0e"", element=""f.1F1DA73BE2D201A77DF3EE8E970E1051.d.03EA4207DA70734600997872280E6E58.e.545"")>",switzerland_explores
wanderlust,https://www.tiktok.com/@girlwithapassport/video/7330361497249516842,"<selenium.webdriver.remote.webelement.WebElement (session=""31011a278e965754811769eaf9b65f0e"", element=""f.1F1DA73BE2D201A77DF3EE8E970E1051.d.03EA4207DA70734600997872280E6E58.e.546"")>",girlwithapassport
wanderlust,https://www.tiktok.com/@lisaabue/video/7388045469328444705,"<selenium.webdriver.remote.webelement.WebElement (session=""31011a278e965754811769eaf9b65f0e"", element=""f.1F1DA73BE2D201A77DF3EE8E970E1051.d.03EA4207DA70734600997872280E6E58.e.547"")>",lisaabue
wanderlust,https://www.tiktok.com/@svemirkas_reise/video/7204493860595076357,"<selenium.webdriver.remote.webelement.WebElement (session=""31011a278e965754811769eaf9b65f0e"", element=""f.1F1DA73BE2D201A77DF3EE8E970E1051.d.03EA4207DA70734600997872280E6E58.e.548"")>",svemirkas_reise
wanderlust,https://www.tiktok.com/@romania/video/7407890576881847585,"<selenium.webdriver.remote.webelement.WebElement (session=""31011a278e965754811769eaf9b65f0e"", element=""f.1F1DA73BE2D201A77DF3EE8E970E1051.d.03EA4207DA70734600997872280E6E58.e.549"")>",romania
wanderlust,https://www.tiktok.com/@angiegrazziel/video/7236262878498540805,"<selenium.webdriver.remote.webelement.WebElement (session=""31011a278e965754811769eaf9b65f0e"", element=""f.1F1DA73BE2D201A77DF3EE8E970E1051.d.03EA4207DA70734600997872280E6E58.e.550"")>",angiegrazziel
backpackingadventures,https://www.tiktok.com/@blancaperezt/video/7295614796978785569,"<selenium.webdriver.remote.webelement.WebElement (session=""31011a278e965754811769eaf9b65f0e"", element=""f.1F1DA73BE2D201A77DF3EE8E970E1051.d.8671615B4E29691BF8E879EB2D5765D0.e.651"")>",blancaperezt
backpackingadventures,https://www.tiktok.com/@kayli.kiing/video/7299523531895835947,"<selenium.webdriver.remote.webelement.WebElement (session=""31011a278e965754811769eaf9b65f0e"", element=""f.1F1DA73BE2D201A77DF3EE8E970E1051.d.8671615B4E29691BF8E879EB2D5765D0.e.652"")>",kayli.kiing
backpackingadventures,https://www.tiktok.com/@blancaperezt/video/7296613501823503648,"<selenium.webdriver.remote.webelement.WebElement (session=""31011a278e965754811769eaf9b65f0e"", element=""f.1F1DA73BE2D201A77DF3EE8E970E1051.d.8671615B4E29691BF8E879EB2D5765D0.e.653"")>",blancaperezt
backpackingadventures,https://www.tiktok.com/@hellobylouis/video/7329183558134746401,"<selenium.webdriver.remote.webelement.WebElement (session=""31011a278e965754811769eaf9b65f0e"", element=""f.1F1DA73BE2D201A77DF3EE8E970E1051.d.8671615B4E29691BF8E879EB2D5765D0.e.654"")>",hellobylouis
backpackingadventures,https://www.tiktok.com/@hannahs_ventures/video/7403010414625213727,"<selenium.webdriver.remote.webelement.WebElement (session=""31011a278e965754811769eaf9b65f0e"", element=""f.1F1DA73BE2D201A77DF3EE8E970E1051.d.8671615B4E29691BF8E879EB2D5765D0.e.655"")>",hannahs_ventures
backpackingadventures,https://www.tiktok.com/@hellobylouis/video/7321385363946130721,"<selenium.webdriver.remote.webelement.WebElement (session=""31011a278e965754811769eaf9b65f0e"", element=""f.1F1DA73BE2D201A77DF3EE8E970E1051.d.8671615B4E29691BF8E879EB2D5765D0.e.656"")>",hellobylouis
backpackingadventures,https://www.tiktok.com/@kimberlyerind/video/7317444344552656133,"<selenium.webdriver.remote.webelement.WebElement (session=""31011a278e965754811769eaf9b65f0e"", element=""f.1F1DA73BE2D201A77DF3EE8E970E1051.d.8671615B4E29691BF8E879EB2D5765D0.e.657"")>",kimberlyerind
backpackingadventures,https://www.tiktok.com/@runningloulou/video/7417124492503469344,"<selenium.webdriver.remote.webelement.WebElement (session=""31011a278e965754811769eaf9b65f0e"", element=""f.1F1DA73BE2D201A77DF3EE8E970E1051.d.8671615B4E29691BF8E879EB2D5765D0.e.658"")>",runningloulou
backpackingadventures,https://www.tiktok.com/@anapaugarzag/video/7314370092609916165,"<selenium.webdriver.remote.webelement.WebElement (session=""31011a278e965754811769eaf9b65f0e"", element=""f.1F1DA73BE2D201A77DF3EE8E970E1051.d.8671615B4E29691BF8E879EB2D5765D0.e.659"")>",anapaugarzag
backpackingadventures,https://www.tiktok.com/@silkyrontheroad/video/7283748008041205025,"<selenium.webdriver.remote.webelement.WebElement (session=""31011a278e965754811769eaf9b65f0e"", element=""f.1F1DA73BE2D201A77DF3EE8E970E1051.d.8671615B4E29691BF8E879EB2D5765D0.e.660"")>",silkyrontheroad
backpackingadventures,https://www.tiktok.com/@hikingwithhollywood/video/7200102478099139882,"<selenium.webdriver.remote.webelement.WebElement (session=""31011a278e965754811769eaf9b65f0e"", element=""f.1F1DA73BE2D201A77DF3EE8E970E1051.d.8671615B4E29691BF8E879EB2D5765D0.e.661"")>",hikingwithhollywood
backpackingadventures,https://www.tiktok.com/@marleenij/video/7298649183836212513,"<selenium.webdriver.remote.webelement.WebElement (session=""31011a278e965754811769eaf9b65f0e"", element=""f.1F1DA73BE2D201A77DF3EE8E970E1051.d.8671615B4E29691BF8E879EB2D5765D0.e.662"")>",marleenij
backpackingadventures,https://www.tiktok.com/@ourwanderlust_life/video/7194913480598752555,"<selenium.webdriver.remote.webelement.WebElement (session=""31011a278e965754811769eaf9b65f0e"", element=""f.1F1DA73BE2D201A77DF3EE8E970E1051.d.8671615B4E29691BF8E879EB2D5765D0.e.663"")>",ourwanderlust_life
backpackingadventures,https://www.tiktok.com/@romeeroseboom/video/7405293724487404833,"<selenium.webdriver.remote.webelement.WebElement (session=""31011a278e965754811769eaf9b65f0e"", element=""f.1F1DA73BE2D201A77DF3EE8E970E1051.d.8671615B4E29691BF8E879EB2D5765D0.e.664"")>",romeeroseboom
backpackingadventures,https://www.tiktok.com/@runningloulou/video/7416404004759932192,"<selenium.webdriver.remote.webelement.WebElement (session=""31011a278e965754811769eaf9b65f0e"", element=""f.1F1DA73BE2D201A77DF3EE8E970E1051.d.8671615B4E29691BF8E879EB2D5765D0.e.665"")>",runningloulou
backpackingadventures,https://www.tiktok.com/@hikingwithhollywood/video/7201156599849733418,"<selenium.webdriver.remote.webelement.WebElement (session=""31011a278e965754811769eaf9b65f0e"", element=""f.1F1DA73BE2D201A77DF3EE8E970E1051.d.8671615B4E29691BF8E879EB2D5765D0.e.666"")>",hikingwithhollywood
backpackingadventures,https://www.tiktok.com/@adventure_daddy/video/7270660509395995936,"<selenium.webdriver.remote.webelement.WebElement (session=""31011a278e965754811769eaf9b65f0e"", element=""f.1F1DA73BE2D201A77DF3EE8E970E1051.d.8671615B4E29691BF8E879EB2D5765D0.e.667"")>",adventure_daddy
backpackingadventures,https://www.tiktok.com/@alexbelmont44/video/7406701779339054342,"<selenium.webdriver.remote.webelement.WebElement (session=""31011a278e965754811769eaf9b65f0e"", element=""f.1F1DA73BE2D201A77DF3EE8E970E1051.d.8671615B4E29691BF8E879EB2D5765D0.e.668"")>",alexbelmont44
backpackingadventures,https://www.tiktok.com/@blancaperezt/video/7293762463739202848,"<selenium.webdriver.remote.webelement.WebElement (session=""31011a278e965754811769eaf9b65f0e"", element=""f.1F1DA73BE2D201A77DF3EE8E970E1051.d.8671615B4E29691BF8E879EB2D5765D0.e.669"")>",blancaperezt
backpackingadventures,https://www.tiktok.com/@blancaperezt/video/7297355128284155169,"<selenium.webdriver.remote.webelement.WebElement (session=""31011a278e965754811769eaf9b65f0e"", element=""f.1F1DA73BE2D201A77DF3EE8E970E1051.d.8671615B4E29691BF8E879EB2D5765D0.e.670"")>",blancaperezt
backpackingadventures,https://www.tiktok.com/@smart.travel.worl/video/7389390100947373345,"<selenium.webdriver.remote.webelement.WebElement (session=""31011a278e965754811769eaf9b65f0e"", element=""f.1F1DA73BE2D201A77DF3EE8E970E1051.d.8671615B4E29691BF8E879EB2D5765D0.e.671"")>",smart.travel.worl
backpackingadventures,https://www.tiktok.com/@marionoutdoors/video/7190412546065812782,"<selenium.webdriver.remote.webelement.WebElement (session=""31011a278e965754811769eaf9b65f0e"", element=""f.1F1DA73BE2D201A77DF3EE8E970E1051.d.8671615B4E29691BF8E879EB2D5765D0.e.672"")>",marionoutdoors
backpackingadventures,https://www.tiktok.com/@blancaperezt/video/7300125923624422689,"<selenium.webdriver.remote.webelement.WebElement (session=""31011a278e965754811769eaf9b65f0e"", element=""f.1F1DA73BE2D201A77DF3EE8E970E1051.d.8671615B4E29691BF8E879EB2D5765D0.e.673"")>",blancaperezt
backpackingadventures,https://www.tiktok.com/@marionoutdoors/video/7193729810093395242,"<selenium.webdriver.remote.webelement.WebElement (session=""31011a278e965754811769eaf9b65f0e"", element=""f.1F1DA73BE2D201A77DF3EE8E970E1051.d.8671615B4E29691BF8E879EB2D5765D0.e.674"")>",marionoutdoors
backpackingadventures,https://www.tiktok.com/@blancaperezt/video/7296841094669700385,"<selenium.webdriver.remote.webelement.WebElement (session=""31011a278e965754811769eaf9b65f0e"", element=""f.1F1DA73BE2D201A77DF3EE8E970E1051.d.8671615B4E29691BF8E879EB2D5765D0.e.675"")>",blancaperezt
backpackingadventures,https://www.tiktok.com/@hikingwithhollywood/video/7204524604046658862,"<selenium.webdriver.remote.webelement.WebElement (session=""31011a278e965754811769eaf9b65f0e"", element=""f.1F1DA73BE2D201A77DF3EE8E970E1051.d.8671615B4E29691BF8E879EB2D5765D0.e.676"")>",hikingwithhollywood
backpackingadventures,https://www.tiktok.com/@blancaperezt/video/7297199127224503585,"<selenium.webdriver.remote.webelement.WebElement (session=""31011a278e965754811769eaf9b65f0e"", element=""f.1F1DA73BE2D201A77DF3EE8E970E1051.d.8671615B4E29691BF8E879EB2D5765D0.e.677"")>",blancaperezt
backpackingadventures,https://www.tiktok.com/@phoebemoonx/video/7293046811932036384,"<selenium.webdriver.remote.webelement.WebElement (session=""31011a278e965754811769eaf9b65f0e"", element=""f.1F1DA73BE2D201A77DF3EE8E970E1051.d.8671615B4E29691BF8E879EB2D5765D0.e.678"")>",phoebemoonx
backpackingadventures,https://www.tiktok.com/@volunteerworld/video/7418862730242788641,"<selenium.webdriver.remote.webelement.WebElement (session=""31011a278e965754811769eaf9b65f0e"", element=""f.1F1DA73BE2D201A77DF3EE8E970E1051.d.8671615B4E29691BF8E879EB2D5765D0.e.679"")>",volunteerworld
backpackingadventures,https://www.tiktok.com/@kamran_khan_ym/video/7412380877277138194,"<selenium.webdriver.remote.webelement.WebElement (session=""31011a278e965754811769eaf9b65f0e"", element=""f.1F1DA73BE2D201A77DF3EE8E970E1051.d.8671615B4E29691BF8E879EB2D5765D0.e.680"")>",kamran_khan_ym
backpackingadventures,https://www.tiktok.com/@natalyalarkin/video/7365462085154770183,"<selenium.webdriver.remote.webelement.WebElement (session=""31011a278e965754811769eaf9b65f0e"", element=""f.1F1DA73BE2D201A77DF3EE8E970E1051.d.8671615B4E29691BF8E879EB2D5765D0.e.681"")>",natalyalarkin
backpackingadventures,https://www.tiktok.com/@hikingwithhollywood/video/7203412915247156526,"<selenium.webdriver.remote.webelement.WebElement (session=""31011a278e965754811769eaf9b65f0e"", element=""f.1F1DA73BE2D201A77DF3EE8E970E1051.d.8671615B4E29691BF8E879EB2D5765D0.e.682"")>",hikingwithhollywood
backpackingadventures,https://www.tiktok.com/@hikingwithhollywood/video/7184445829548166443,"<selenium.webdriver.remote.webelement.WebElement (session=""31011a278e965754811769eaf9b65f0e"", element=""f.1F1DA73BE2D201A77DF3EE8E970E1051.d.8671615B4E29691BF8E879EB2D5765D0.e.683"")>",hikingwithhollywood
backpackingadventures,https://www.tiktok.com/@gapguru/video/7351352961857080608,"<selenium.webdriver.remote.webelement.WebElement (session=""31011a278e965754811769eaf9b65f0e"", element=""f.1F1DA73BE2D201A77DF3EE8E970E1051.d.8671615B4E29691BF8E879EB2D5765D0.e.684"")>",gapguru
backpackingadventures,https://www.tiktok.com/@blancaperezt/video/7304023790462192929,"<selenium.webdriver.remote.webelement.WebElement (session=""31011a278e965754811769eaf9b65f0e"", element=""f.1F1DA73BE2D201A77DF3EE8E970E1051.d.8671615B4E29691BF8E879EB2D5765D0.e.685"")>",blancaperezt
backpackingadventures,https://www.tiktok.com/@dunalimountains/video/7290187368076791042,"<selenium.webdriver.remote.webelement.WebElement (session=""31011a278e965754811769eaf9b65f0e"", element=""f.1F1DA73BE2D201A77DF3EE8E970E1051.d.8671615B4E29691BF8E879EB2D5765D0.e.686"")>",dunalimountains
backpackingadventures,https://www.tiktok.com/@travelwithhanx/video/7393076047299743008,"<selenium.webdriver.remote.webelement.WebElement (session=""31011a278e965754811769eaf9b65f0e"", element=""f.1F1DA73BE2D201A77DF3EE8E970E1051.d.8671615B4E29691BF8E879EB2D5765D0.e.687"")>",travelwithhanx
backpackingadventures,https://www.tiktok.com/@lifelemonstravel/video/7366252940891278624,"<selenium.webdriver.remote.webelement.WebElement (session=""31011a278e965754811769eaf9b65f0e"", element=""f.1F1DA73BE2D201A77DF3EE8E970E1051.d.8671615B4E29691BF8E879EB2D5765D0.e.688"")>",lifelemonstravel
backpackingadventures,https://www.tiktok.com/@blancaperezt/video/7323916273212083488,"<selenium.webdriver.remote.webelement.WebElement (session=""31011a278e965754811769eaf9b65f0e"", element=""f.1F1DA73BE2D201A77DF3EE8E970E1051.d.8671615B4E29691BF8E879EB2D5765D0.e.689"")>",blancaperezt
backpackingadventures,https://www.tiktok.com/@gapguru/video/7303215882803662112,"<selenium.webdriver.remote.webelement.WebElement (session=""31011a278e965754811769eaf9b65f0e"", element=""f.1F1DA73BE2D201A77DF3EE8E970E1051.d.8671615B4E29691BF8E879EB2D5765D0.e.690"")>",gapguru
backpackingadventures,https://www.tiktok.com/@tara_huff_/video/7196872396635196715,"<selenium.webdriver.remote.webelement.WebElement (session=""31011a278e965754811769eaf9b65f0e"", element=""f.1F1DA73BE2D201A77DF3EE8E970E1051.d.8671615B4E29691BF8E879EB2D5765D0.e.691"")>",tara_huff_
backpackingadventures,https://www.tiktok.com/@hikingwithhollywood/video/7185760491002776874,"<selenium.webdriver.remote.webelement.WebElement (session=""31011a278e965754811769eaf9b65f0e"", element=""f.1F1DA73BE2D201A77DF3EE8E970E1051.d.8671615B4E29691BF8E879EB2D5765D0.e.692"")>",hikingwithhollywood
backpackingadventures,https://www.tiktok.com/@chinpc/video/7388765757737307393,"<selenium.webdriver.remote.webelement.WebElement (session=""31011a278e965754811769eaf9b65f0e"", element=""f.1F1DA73BE2D201A77DF3EE8E970E1051.d.8671615B4E29691BF8E879EB2D5765D0.e.693"")>",chinpc
backpackingadventures,https://www.tiktok.com/@leavinglondontown/video/7277987103756111137,"<selenium.webdriver.remote.webelement.WebElement (session=""31011a278e965754811769eaf9b65f0e"", element=""f.1F1DA73BE2D201A77DF3EE8E970E1051.d.8671615B4E29691BF8E879EB2D5765D0.e.694"")>",leavinglondontown
backpackingadventures,https://www.tiktok.com/@runningloulou/video/7418998865929440544,"<selenium.webdriver.remote.webelement.WebElement (session=""31011a278e965754811769eaf9b65f0e"", element=""f.1F1DA73BE2D201A77DF3EE8E970E1051.d.8671615B4E29691BF8E879EB2D5765D0.e.695"")>",runningloulou
backpackingadventures,https://www.tiktok.com/@pwrnutry/video/7371669027736800517,"<selenium.webdriver.remote.webelement.WebElement (session=""31011a278e965754811769eaf9b65f0e"", element=""f.1F1DA73BE2D201A77DF3EE8E970E1051.d.8671615B4E29691BF8E879EB2D5765D0.e.696"")>",pwrnutry
backpackingadventures,https://www.tiktok.com/@mekaninkreole/video/7320758045640772897,"<selenium.webdriver.remote.webelement.WebElement (session=""31011a278e965754811769eaf9b65f0e"", element=""f.1F1DA73BE2D201A77DF3EE8E970E1051.d.8671615B4E29691BF8E879EB2D5765D0.e.697"")>",mekaninkreole
backpackingadventures,https://www.tiktok.com/@singh__h/video/7290170645911129376,"<selenium.webdriver.remote.webelement.WebElement (session=""31011a278e965754811769eaf9b65f0e"", element=""f.1F1DA73BE2D201A77DF3EE8E970E1051.d.8671615B4E29691BF8E879EB2D5765D0.e.698"")>",singh__h
backpackingadventures,https://www.tiktok.com/@hikingwithhollywood/video/7212325104179498282,"<selenium.webdriver.remote.webelement.WebElement (session=""31011a278e965754811769eaf9b65f0e"", element=""f.1F1DA73BE2D201A77DF3EE8E970E1051.d.8671615B4E29691BF8E879EB2D5765D0.e.699"")>",hikingwithhollywood
backpackingadventures,https://www.tiktok.com/@gapyearbarber/video/7370057501795945729,"<selenium.webdriver.remote.webelement.WebElement (session=""31011a278e965754811769eaf9b65f0e"", element=""f.1F1DA73BE2D201A77DF3EE8E970E1051.d.8671615B4E29691BF8E879EB2D5765D0.e.700"")>",gapyearbarber
luxurytravel,https://www.tiktok.com/@sembalunlombok/video/7199666207736352026,"<selenium.webdriver.remote.webelement.WebElement (session=""31011a278e965754811769eaf9b65f0e"", element=""f.1F1DA73BE2D201A77DF3EE8E970E1051.d.CF23ED2C4F62F431836B7E27B7C1E325.e.794"")>",sembalunlombok
luxurytravel,https://www.tiktok.com/@pitor.official/video/7325648852067896578,"<selenium.webdriver.remote.webelement.WebElement (session=""31011a278e965754811769eaf9b65f0e"", element=""f.1F1DA73BE2D201A77DF3EE8E970E1051.d.CF23ED2C4F62F431836B7E27B7C1E325.e.795"")>",pitor.official
luxurytravel,https://www.tiktok.com/@brbcatchingflights/video/7391875900532395282,"<selenium.webdriver.remote.webelement.WebElement (session=""31011a278e965754811769eaf9b65f0e"", element=""f.1F1DA73BE2D201A77DF3EE8E970E1051.d.CF23ED2C4F62F431836B7E27B7C1E325.e.796"")>",brbcatchingflights
luxurytravel,https://www.tiktok.com/@bradenjstanley/video/7260111850895969541,"<selenium.webdriver.remote.webelement.WebElement (session=""31011a278e965754811769eaf9b65f0e"", element=""f.1F1DA73BE2D201A77DF3EE8E970E1051.d.CF23ED2C4F62F431836B7E27B7C1E325.e.797"")>",bradenjstanley
luxurytravel,https://www.tiktok.com/@journeysbynicole/video/7189398652119452971,"<selenium.webdriver.remote.webelement.WebElement (session=""31011a278e965754811769eaf9b65f0e"", element=""f.1F1DA73BE2D201A77DF3EE8E970E1051.d.CF23ED2C4F62F431836B7E27B7C1E325.e.798"")>",journeysbynicole
luxurytravel,https://www.tiktok.com/@luxetravelcouple/video/7220094755399617798,"<selenium.webdriver.remote.webelement.WebElement (session=""31011a278e965754811769eaf9b65f0e"", element=""f.1F1DA73BE2D201A77DF3EE8E970E1051.d.CF23ED2C4F62F431836B7E27B7C1E325.e.799"")>",luxetravelcouple
luxurytravel,https://www.tiktok.com/@dalephilipvlogs/video/7285348490266397984,"<selenium.webdriver.remote.webelement.WebElement (session=""31011a278e965754811769eaf9b65f0e"", element=""f.1F1DA73BE2D201A77DF3EE8E970E1051.d.CF23ED2C4F62F431836B7E27B7C1E325.e.800"")>",dalephilipvlogs
luxurytravel,https://www.tiktok.com/@mileswithfi/video/7321444420765715745,"<selenium.webdriver.remote.webelement.WebElement (session=""31011a278e965754811769eaf9b65f0e"", element=""f.1F1DA73BE2D201A77DF3EE8E970E1051.d.CF23ED2C4F62F431836B7E27B7C1E325.e.801"")>",mileswithfi
luxurytravel,https://www.tiktok.com/@reisememoires/video/7300207041749011745,"<selenium.webdriver.remote.webelement.WebElement (session=""31011a278e965754811769eaf9b65f0e"", element=""f.1F1DA73BE2D201A77DF3EE8E970E1051.d.CF23ED2C4F62F431836B7E27B7C1E325.e.802"")>",reisememoires
luxurytravel,https://www.tiktok.com/@mmeritravels/video/7341578986163604778,"<selenium.webdriver.remote.webelement.WebElement (session=""31011a278e965754811769eaf9b65f0e"", element=""f.1F1DA73BE2D201A77DF3EE8E970E1051.d.CF23ED2C4F62F431836B7E27B7C1E325.e.803"")>",mmeritravels
luxurytravel,https://www.tiktok.com/@lu_madeline/video/7381475781047848224,"<selenium.webdriver.remote.webelement.WebElement (session=""31011a278e965754811769eaf9b65f0e"", element=""f.1F1DA73BE2D201A77DF3EE8E970E1051.d.CF23ED2C4F62F431836B7E27B7C1E325.e.804"")>",lu_madeline
luxurytravel,https://www.tiktok.com/@travelagentandy/video/7204620712684948782,"<selenium.webdriver.remote.webelement.WebElement (session=""31011a278e965754811769eaf9b65f0e"", element=""f.1F1DA73BE2D201A77DF3EE8E970E1051.d.CF23ED2C4F62F431836B7E27B7C1E325.e.805"")>",travelagentandy
luxurytravel,https://www.tiktok.com/@boujeebudgettravel/video/7365959701676297505,"<selenium.webdriver.remote.webelement.WebElement (session=""31011a278e965754811769eaf9b65f0e"", element=""f.1F1DA73BE2D201A77DF3EE8E970E1051.d.CF23ED2C4F62F431836B7E27B7C1E325.e.806"")>",boujeebudgettravel
luxurytravel,https://www.tiktok.com/@amalfijets/video/7413155548515814698,"<selenium.webdriver.remote.webelement.WebElement (session=""31011a278e965754811769eaf9b65f0e"", element=""f.1F1DA73BE2D201A77DF3EE8E970E1051.d.CF23ED2C4F62F431836B7E27B7C1E325.e.807"")>",amalfijets
luxurytravel,https://www.tiktok.com/@beatrizanjos8/video/7411044030735240481,"<selenium.webdriver.remote.webelement.WebElement (session=""31011a278e965754811769eaf9b65f0e"", element=""f.1F1DA73BE2D201A77DF3EE8E970E1051.d.CF23ED2C4F62F431836B7E27B7C1E325.e.808"")>",beatrizanjos8
luxurytravel,https://www.tiktok.com/@laxtoluxury/video/7184967344131738926,"<selenium.webdriver.remote.webelement.WebElement (session=""31011a278e965754811769eaf9b65f0e"", element=""f.1F1DA73BE2D201A77DF3EE8E970E1051.d.CF23ED2C4F62F431836B7E27B7C1E325.e.809"")>",laxtoluxury
luxurytravel,https://www.tiktok.com/@queencitytrends/video/7388696491117907243,"<selenium.webdriver.remote.webelement.WebElement (session=""31011a278e965754811769eaf9b65f0e"", element=""f.1F1DA73BE2D201A77DF3EE8E970E1051.d.CF23ED2C4F62F431836B7E27B7C1E325.e.810"")>",queencitytrends
luxurytravel,https://www.tiktok.com/@biscoitando_music/video/7415791184045460742,"<selenium.webdriver.remote.webelement.WebElement (session=""31011a278e965754811769eaf9b65f0e"", element=""f.1F1DA73BE2D201A77DF3EE8E970E1051.d.CF23ED2C4F62F431836B7E27B7C1E325.e.811"")>",biscoitando_music
luxurytravel,https://www.tiktok.com/@laxtoluxury/video/7229054501800447275,"<selenium.webdriver.remote.webelement.WebElement (session=""31011a278e965754811769eaf9b65f0e"", element=""f.1F1DA73BE2D201A77DF3EE8E970E1051.d.CF23ED2C4F62F431836B7E27B7C1E325.e.812"")>",laxtoluxury
luxurytravel,https://www.tiktok.com/@thepointsguy/video/7361544837641981230,"<selenium.webdriver.remote.webelement.WebElement (session=""31011a278e965754811769eaf9b65f0e"", element=""f.1F1DA73BE2D201A77DF3EE8E970E1051.d.CF23ED2C4F62F431836B7E27B7C1E325.e.813"")>",thepointsguy
luxurytravel,https://www.tiktok.com/@visit/video/7310969919552638240,"<selenium.webdriver.remote.webelement.WebElement (session=""31011a278e965754811769eaf9b65f0e"", element=""f.1F1DA73BE2D201A77DF3EE8E970E1051.d.CF23ED2C4F62F431836B7E27B7C1E325.e.814"")>",visit
luxurytravel,https://www.tiktok.com/@linlondyn/video/7356659720452672810,"<selenium.webdriver.remote.webelement.WebElement (session=""31011a278e965754811769eaf9b65f0e"", element=""f.1F1DA73BE2D201A77DF3EE8E970E1051.d.CF23ED2C4F62F431836B7E27B7C1E325.e.815"")>",linlondyn
luxurytravel,https://www.tiktok.com/@aadavedenoja/video/7335204152311581984,"<selenium.webdriver.remote.webelement.WebElement (session=""31011a278e965754811769eaf9b65f0e"", element=""f.1F1DA73BE2D201A77DF3EE8E970E1051.d.CF23ED2C4F62F431836B7E27B7C1E325.e.816"")>",aadavedenoja
luxurytravel,https://www.tiktok.com/@laxtoluxury/video/7328157119260167455,"<selenium.webdriver.remote.webelement.WebElement (session=""31011a278e965754811769eaf9b65f0e"", element=""f.1F1DA73BE2D201A77DF3EE8E970E1051.d.CF23ED2C4F62F431836B7E27B7C1E325.e.817"")>",laxtoluxury
luxurytravel,https://www.tiktok.com/@carielizabethh/video/7359247492178922795,"<selenium.webdriver.remote.webelement.WebElement (session=""31011a278e965754811769eaf9b65f0e"", element=""f.1F1DA73BE2D201A77DF3EE8E970E1051.d.CF23ED2C4F62F431836B7E27B7C1E325.e.818"")>",carielizabethh
luxurytravel,https://www.tiktok.com/@currentlycarterr/video/7366060355560279326,"<selenium.webdriver.remote.webelement.WebElement (session=""31011a278e965754811769eaf9b65f0e"", element=""f.1F1DA73BE2D201A77DF3EE8E970E1051.d.CF23ED2C4F62F431836B7E27B7C1E325.e.819"")>",currentlycarterr
luxurytravel,https://www.tiktok.com/@laxtoluxury/video/7367173258422078763,"<selenium.webdriver.remote.webelement.WebElement (session=""31011a278e965754811769eaf9b65f0e"", element=""f.1F1DA73BE2D201A77DF3EE8E970E1051.d.CF23ED2C4F62F431836B7E27B7C1E325.e.820"")>",laxtoluxury
luxurytravel,https://www.tiktok.com/@jacksdiningroom/video/7380126463674207534,"<selenium.webdriver.remote.webelement.WebElement (session=""31011a278e965754811769eaf9b65f0e"", element=""f.1F1DA73BE2D201A77DF3EE8E970E1051.d.CF23ED2C4F62F431836B7E27B7C1E325.e.821"")>",jacksdiningroom
luxurytravel,https://www.tiktok.com/@intericoart/video/7334436694369783073,"<selenium.webdriver.remote.webelement.WebElement (session=""31011a278e965754811769eaf9b65f0e"", element=""f.1F1DA73BE2D201A77DF3EE8E970E1051.d.CF23ED2C4F62F431836B7E27B7C1E325.e.822"")>",intericoart
luxurytravel,https://www.tiktok.com/@fuelyourwander/video/7328055146305375530,"<selenium.webdriver.remote.webelement.WebElement (session=""31011a278e965754811769eaf9b65f0e"", element=""f.1F1DA73BE2D201A77DF3EE8E970E1051.d.CF23ED2C4F62F431836B7E27B7C1E325.e.823"")>",fuelyourwander
hiddengems,https://www.tiktok.com/@myfloridaguide/video/7381612673768639787,"<selenium.webdriver.remote.webelement.WebElement (session=""31011a278e965754811769eaf9b65f0e"", element=""f.1F1DA73BE2D201A77DF3EE8E970E1051.d.675125E378D97569D9D26ADC34EF4A8A.e.921"")>",myfloridaguide
hiddengems,https://www.tiktok.com/@tahynarandalll/video/7413133422564019477,"<selenium.webdriver.remote.webelement.WebElement (session=""31011a278e965754811769eaf9b65f0e"", element=""f.1F1DA73BE2D201A77DF3EE8E970E1051.d.675125E378D97569D9D26ADC34EF4A8A.e.922"")>",tahynarandalll
hiddengems,https://www.tiktok.com/@banyuwangi24jamofficial/video/7359975748691643653,"<selenium.webdriver.remote.webelement.WebElement (session=""31011a278e965754811769eaf9b65f0e"", element=""f.1F1DA73BE2D201A77DF3EE8E970E1051.d.675125E378D97569D9D26ADC34EF4A8A.e.923"")>",banyuwangi24jamofficial
hiddengems,https://www.tiktok.com/@pauiietravels/video/7188533262267026731,"<selenium.webdriver.remote.webelement.WebElement (session=""31011a278e965754811769eaf9b65f0e"", element=""f.1F1DA73BE2D201A77DF3EE8E970E1051.d.675125E378D97569D9D26ADC34EF4A8A.e.924"")>",pauiietravels
hiddengems,https://www.tiktok.com/@thegsfamily_/video/7402375964472249630,"<selenium.webdriver.remote.webelement.WebElement (session=""31011a278e965754811769eaf9b65f0e"", element=""f.1F1DA73BE2D201A77DF3EE8E970E1051.d.675125E378D97569D9D26ADC34EF4A8A.e.925"")>",thegsfamily_
hiddengems,https://www.tiktok.com/@juicybodygoddess/video/7414626921880767774,"<selenium.webdriver.remote.webelement.WebElement (session=""31011a278e965754811769eaf9b65f0e"", element=""f.1F1DA73BE2D201A77DF3EE8E970E1051.d.675125E378D97569D9D26ADC34EF4A8A.e.926"")>",juicybodygoddess
hiddengems,https://www.tiktok.com/@didyouknow_thesefacts/video/7238047088603434267,"<selenium.webdriver.remote.webelement.WebElement (session=""31011a278e965754811769eaf9b65f0e"", element=""f.1F1DA73BE2D201A77DF3EE8E970E1051.d.675125E378D97569D9D26ADC34EF4A8A.e.927"")>",didyouknow_thesefacts
hiddengems,https://www.tiktok.com/@luxuryexplorer1/video/7267966672743550240,"<selenium.webdriver.remote.webelement.WebElement (session=""31011a278e965754811769eaf9b65f0e"", element=""f.1F1DA73BE2D201A77DF3EE8E970E1051.d.675125E378D97569D9D26ADC34EF4A8A.e.928"")>",luxuryexplorer1
hiddengems,https://www.tiktok.com/@hauntyou.u/video/7366998512921365793,"<selenium.webdriver.remote.webelement.WebElement (session=""31011a278e965754811769eaf9b65f0e"", element=""f.1F1DA73BE2D201A77DF3EE8E970E1051.d.675125E378D97569D9D26ADC34EF4A8A.e.929"")>",hauntyou.u
hiddengems,https://www.tiktok.com/@carielizabethh/video/7278743251144822062,"<selenium.webdriver.remote.webelement.WebElement (session=""31011a278e965754811769eaf9b65f0e"", element=""f.1F1DA73BE2D201A77DF3EE8E970E1051.d.675125E378D97569D9D26ADC34EF4A8A.e.930"")>",carielizabethh
hiddengems,https://www.tiktok.com/@banyuwangi24jamofficial/video/7358096661576469765,"<selenium.webdriver.remote.webelement.WebElement (session=""31011a278e965754811769eaf9b65f0e"", element=""f.1F1DA73BE2D201A77DF3EE8E970E1051.d.675125E378D97569D9D26ADC34EF4A8A.e.931"")>",banyuwangi24jamofficial
hiddengems,https://www.tiktok.com/@elisolanotravels/video/7225626969193614638,"<selenium.webdriver.remote.webelement.WebElement (session=""31011a278e965754811769eaf9b65f0e"", element=""f.1F1DA73BE2D201A77DF3EE8E970E1051.d.675125E378D97569D9D26ADC34EF4A8A.e.932"")>",elisolanotravels
hiddengems,https://www.tiktok.com/@epicscreenshots/video/7378727506146233643,"<selenium.webdriver.remote.webelement.WebElement (session=""31011a278e965754811769eaf9b65f0e"", element=""f.1F1DA73BE2D201A77DF3EE8E970E1051.d.675125E378D97569D9D26ADC34EF4A8A.e.933"")>",epicscreenshots
hiddengems,https://www.tiktok.com/@magnicity/video/7191167024083504426,"<selenium.webdriver.remote.webelement.WebElement (session=""31011a278e965754811769eaf9b65f0e"", element=""f.1F1DA73BE2D201A77DF3EE8E970E1051.d.675125E378D97569D9D26ADC34EF4A8A.e.934"")>",magnicity
hiddengems,https://www.tiktok.com/@doseofsydnee/video/7325311041015975211,"<selenium.webdriver.remote.webelement.WebElement (session=""31011a278e965754811769eaf9b65f0e"", element=""f.1F1DA73BE2D201A77DF3EE8E970E1051.d.675125E378D97569D9D26ADC34EF4A8A.e.935"")>",doseofsydnee
hiddengems,https://www.tiktok.com/@elisolanotravels/video/7239381690903268650,"<selenium.webdriver.remote.webelement.WebElement (session=""31011a278e965754811769eaf9b65f0e"", element=""f.1F1DA73BE2D201A77DF3EE8E970E1051.d.675125E378D97569D9D26ADC34EF4A8A.e.936"")>",elisolanotravels
hiddengems,https://www.tiktok.com/@ia.reddit/video/7385699915114056993,"<selenium.webdriver.remote.webelement.WebElement (session=""31011a278e965754811769eaf9b65f0e"", element=""f.1F1DA73BE2D201A77DF3EE8E970E1051.d.675125E378D97569D9D26ADC34EF4A8A.e.937"")>",ia.reddit
hiddengems,https://www.tiktok.com/@hauntyou.u/video/7392681386580135200,"<selenium.webdriver.remote.webelement.WebElement (session=""31011a278e965754811769eaf9b65f0e"", element=""f.1F1DA73BE2D201A77DF3EE8E970E1051.d.675125E378D97569D9D26ADC34EF4A8A.e.938"")>",hauntyou.u
hiddengems,https://www.tiktok.com/@prosto.daanya/video/7403451309166464302,"<selenium.webdriver.remote.webelement.WebElement (session=""31011a278e965754811769eaf9b65f0e"", element=""f.1F1DA73BE2D201A77DF3EE8E970E1051.d.675125E378D97569D9D26ADC34EF4A8A.e.939"")>",prosto.daanya
hiddengems,https://www.tiktok.com/@aclownandherdolly/video/7185690685499133190,"<selenium.webdriver.remote.webelement.WebElement (session=""31011a278e965754811769eaf9b65f0e"", element=""f.1F1DA73BE2D201A77DF3EE8E970E1051.d.675125E378D97569D9D26ADC34EF4A8A.e.940"")>",aclownandherdolly
hiddengems,https://www.tiktok.com/@fulltimewarehouse/video/7404322439167020319,"<selenium.webdriver.remote.webelement.WebElement (session=""31011a278e965754811769eaf9b65f0e"", element=""f.1F1DA73BE2D201A77DF3EE8E970E1051.d.675125E378D97569D9D26ADC34EF4A8A.e.941"")>",fulltimewarehouse
hiddengems,https://www.tiktok.com/@helzzzrich/video/7205637256487472390,"<selenium.webdriver.remote.webelement.WebElement (session=""31011a278e965754811769eaf9b65f0e"", element=""f.1F1DA73BE2D201A77DF3EE8E970E1051.d.675125E378D97569D9D26ADC34EF4A8A.e.942"")>",helzzzrich
hiddengems,https://www.tiktok.com/@tarabferrara/video/7377438693478501675,"<selenium.webdriver.remote.webelement.WebElement (session=""31011a278e965754811769eaf9b65f0e"", element=""f.1F1DA73BE2D201A77DF3EE8E970E1051.d.675125E378D97569D9D26ADC34EF4A8A.e.943"")>",tarabferrara
hiddengems,https://www.tiktok.com/@kieraj2019/video/7404318882917371179,"<selenium.webdriver.remote.webelement.WebElement (session=""31011a278e965754811769eaf9b65f0e"", element=""f.1F1DA73BE2D201A77DF3EE8E970E1051.d.675125E378D97569D9D26ADC34EF4A8A.e.944"")>",kieraj2019
hiddengems,https://www.tiktok.com/@candy_hikes/video/7392106417479634219,"<selenium.webdriver.remote.webelement.WebElement (session=""31011a278e965754811769eaf9b65f0e"", element=""f.1F1DA73BE2D201A77DF3EE8E970E1051.d.675125E378D97569D9D26ADC34EF4A8A.e.945"")>",candy_hikes
hiddengems,https://www.tiktok.com/@elisolanotravels/video/7199719243703913774,"<selenium.webdriver.remote.webelement.WebElement (session=""31011a278e965754811769eaf9b65f0e"", element=""f.1F1DA73BE2D201A77DF3EE8E970E1051.d.675125E378D97569D9D26ADC34EF4A8A.e.946"")>",elisolanotravels
hiddengems,https://www.tiktok.com/@izzacarolino/video/7341813162368339207,"<selenium.webdriver.remote.webelement.WebElement (session=""31011a278e965754811769eaf9b65f0e"", element=""f.1F1DA73BE2D201A77DF3EE8E970E1051.d.675125E378D97569D9D26ADC34EF4A8A.e.947"")>",izzacarolino
hiddengems,https://www.tiktok.com/@iamtseringgrg/video/7407089930351955246,"<selenium.webdriver.remote.webelement.WebElement (session=""31011a278e965754811769eaf9b65f0e"", element=""f.1F1DA73BE2D201A77DF3EE8E970E1051.d.675125E378D97569D9D26ADC34EF4A8A.e.948"")>",iamtseringgrg
hiddengems,https://www.tiktok.com/@faeiiza.s/video/7204593151531699483,"<selenium.webdriver.remote.webelement.WebElement (session=""31011a278e965754811769eaf9b65f0e"", element=""f.1F1DA73BE2D201A77DF3EE8E970E1051.d.675125E378D97569D9D26ADC34EF4A8A.e.949"")>",faeiiza.s
hiddengems,https://www.tiktok.com/@lynh_luu/video/7364384079652916488,"<selenium.webdriver.remote.webelement.WebElement (session=""31011a278e965754811769eaf9b65f0e"", element=""f.1F1DA73BE2D201A77DF3EE8E970E1051.d.675125E378D97569D9D26ADC34EF4A8A.e.950"")>",lynh_luu
solotravel,https://www.tiktok.com/@mioteriyaki/video/7363658570090417440,"<selenium.webdriver.remote.webelement.WebElement (session=""31011a278e965754811769eaf9b65f0e"", element=""f.1F1DA73BE2D201A77DF3EE8E970E1051.d.6363D74C5E545D92A218BDABB0D3FB30.e.1024"")>",mioteriyaki
solotravel,https://www.tiktok.com/@tryingtobequiet/video/7371484883283381550,"<selenium.webdriver.remote.webelement.WebElement (session=""31011a278e965754811769eaf9b65f0e"", element=""f.1F1DA73BE2D201A77DF3EE8E970E1051.d.6363D74C5E545D92A218BDABB0D3FB30.e.1025"")>",tryingtobequiet
solotravel,https://www.tiktok.com/@haleyhitstheroad/video/7192411580015840554,"<selenium.webdriver.remote.webelement.WebElement (session=""31011a278e965754811769eaf9b65f0e"", element=""f.1F1DA73BE2D201A77DF3EE8E970E1051.d.6363D74C5E545D92A218BDABB0D3FB30.e.1026"")>",haleyhitstheroad
solotravel,https://www.tiktok.com/@dalephilipvlogs/video/7284917036021533984,"<selenium.webdriver.remote.webelement.WebElement (session=""31011a278e965754811769eaf9b65f0e"", element=""f.1F1DA73BE2D201A77DF3EE8E970E1051.d.6363D74C5E545D92A218BDABB0D3FB30.e.1027"")>",dalephilipvlogs
solotravel,https://www.tiktok.com/@vanillatrilla1/video/7213459009075039493,"<selenium.webdriver.remote.webelement.WebElement (session=""31011a278e965754811769eaf9b65f0e"", element=""f.1F1DA73BE2D201A77DF3EE8E970E1051.d.6363D74C5E545D92A218BDABB0D3FB30.e.1028"")>",vanillatrilla1
solotravel,https://www.tiktok.com/@dalephilipvlogs/video/7291344828242087201,"<selenium.webdriver.remote.webelement.WebElement (session=""31011a278e965754811769eaf9b65f0e"", element=""f.1F1DA73BE2D201A77DF3EE8E970E1051.d.6363D74C5E545D92A218BDABB0D3FB30.e.1029"")>",dalephilipvlogs
solotravel,https://www.tiktok.com/@blythe/video/7243727571593006342,"<selenium.webdriver.remote.webelement.WebElement (session=""31011a278e965754811769eaf9b65f0e"", element=""f.1F1DA73BE2D201A77DF3EE8E970E1051.d.6363D74C5E545D92A218BDABB0D3FB30.e.1030"")>",blythe
solotravel,https://www.tiktok.com/@sabrinapangilinan/video/7359662044368489734,"<selenium.webdriver.remote.webelement.WebElement (session=""31011a278e965754811769eaf9b65f0e"", element=""f.1F1DA73BE2D201A77DF3EE8E970E1051.d.6363D74C5E545D92A218BDABB0D3FB30.e.1031"")>",sabrinapangilinan
solotravel,https://www.tiktok.com/@dalephilip/video/7274571212435492097,"<selenium.webdriver.remote.webelement.WebElement (session=""31011a278e965754811769eaf9b65f0e"", element=""f.1F1DA73BE2D201A77DF3EE8E970E1051.d.6363D74C5E545D92A218BDABB0D3FB30.e.1032"")>",dalephilip
solotravel,https://www.tiktok.com/@dalephilip/video/7271074548303367426,"<selenium.webdriver.remote.webelement.WebElement (session=""31011a278e965754811769eaf9b65f0e"", element=""f.1F1DA73BE2D201A77DF3EE8E970E1051.d.6363D74C5E545D92A218BDABB0D3FB30.e.1033"")>",dalephilip
solotravel,https://www.tiktok.com/@notaregularnanny/video/7395254184393821486,"<selenium.webdriver.remote.webelement.WebElement (session=""31011a278e965754811769eaf9b65f0e"", element=""f.1F1DA73BE2D201A77DF3EE8E970E1051.d.6363D74C5E545D92A218BDABB0D3FB30.e.1034"")>",dalephilip
solotravel,https://www.tiktok.com/@dalephilip/video/7266853085572566273,"<selenium.webdriver.remote.webelement.WebElement (session=""31011a278e965754811769eaf9b65f0e"", element=""f.1F1DA73BE2D201A77DF3EE8E970E1051.d.6363D74C5E545D92A218BDABB0D3FB30.e.1035"")>",yaelaeliza
solotravel,https://www.tiktok.com/@yaelaeliza/video/7283415248151776545,"<selenium.webdriver.remote.webelement.WebElement (session=""31011a278e965754811769eaf9b65f0e"", element=""f.1F1DA73BE2D201A77DF3EE8E970E1051.d.6363D74C5E545D92A218BDABB0D3FB30.e.1036"")>",tessbray3
solotravel,https://www.tiktok.com/@tessbray3/video/7278748033494306094,"<selenium.webdriver.remote.webelement.WebElement (session=""31011a278e965754811769eaf9b65f0e"", element=""f.1F1DA73BE2D201A77DF3EE8E970E1051.d.6363D74C5E545D92A218BDABB0D3FB30.e.1037"")>",biigmaama
solotravel,https://www.tiktok.com/@biigmaama/video/7196888921580604718,"<selenium.webdriver.remote.webelement.WebElement (session=""31011a278e965754811769eaf9b65f0e"", element=""f.1F1DA73BE2D201A77DF3EE8E970E1051.d.6363D74C5E545D92A218BDABB0D3FB30.e.1038"")>",boundtoherbackpack
solotravel,https://www.tiktok.com/@boundtoherbackpack/video/7242087686775885058,"<selenium.webdriver.remote.webelement.WebElement (session=""31011a278e965754811769eaf9b65f0e"", element=""f.1F1DA73BE2D201A77DF3EE8E970E1051.d.6363D74C5E545D92A218BDABB0D3FB30.e.1039"")>",sofialigeros
solotravel,https://www.tiktok.com/@sofialigeros/video/7224412889698880770,"<selenium.webdriver.remote.webelement.WebElement (session=""31011a278e965754811769eaf9b65f0e"", element=""f.1F1DA73BE2D201A77DF3EE8E970E1051.d.6363D74C5E545D92A218BDABB0D3FB30.e.1040"")>",harrisonwiedman
solotravel,https://www.tiktok.com/@harrisonwiedman/video/7369097368211426592,"<selenium.webdriver.remote.webelement.WebElement (session=""31011a278e965754811769eaf9b65f0e"", element=""f.1F1DA73BE2D201A77DF3EE8E970E1051.d.6363D74C5E545D92A218BDABB0D3FB30.e.1041"")>",dalephilip
solotravel,https://www.tiktok.com/@dalephilip/video/7203874370026999042,"<selenium.webdriver.remote.webelement.WebElement (session=""31011a278e965754811769eaf9b65f0e"", element=""f.1F1DA73BE2D201A77DF3EE8E970E1051.d.6363D74C5E545D92A218BDABB0D3FB30.e.1042"")>",shaunamackd
solotravel,https://www.tiktok.com/@shaunamackd/video/7270244582510677281,"<selenium.webdriver.remote.webelement.WebElement (session=""31011a278e965754811769eaf9b65f0e"", element=""f.1F1DA73BE2D201A77DF3EE8E970E1051.d.6363D74C5E545D92A218BDABB0D3FB30.e.1043"")>",dalephilipvlogs
solotravel,https://www.tiktok.com/@dalephilipvlogs/video/7285348490266397984,"<selenium.webdriver.remote.webelement.WebElement (session=""31011a278e965754811769eaf9b65f0e"", element=""f.1F1DA73BE2D201A77DF3EE8E970E1051.d.6363D74C5E545D92A218BDABB0D3FB30.e.1044"")>",doseoftravel
solotravel,https://www.tiktok.com/@doseoftravel/video/7308560632230759726,"<selenium.webdriver.remote.webelement.WebElement (session=""31011a278e965754811769eaf9b65f0e"", element=""f.1F1DA73BE2D201A77DF3EE8E970E1051.d.6363D74C5E545D92A218BDABB0D3FB30.e.1045"")>",notalabamahannah
solotravel,https://www.tiktok.com/@notalabamahannah/video/7377266861328665898,"<selenium.webdriver.remote.webelement.WebElement (session=""31011a278e965754811769eaf9b65f0e"", element=""f.1F1DA73BE2D201A77DF3EE8E970E1051.d.6363D74C5E545D92A218BDABB0D3FB30.e.1046"")>",gihihihina
solotravel,https://www.tiktok.com/@gihihihina/video/7347367459659222305,"<selenium.webdriver.remote.webelement.WebElement (session=""31011a278e965754811769eaf9b65f0e"", element=""f.1F1DA73BE2D201A77DF3EE8E970E1051.d.6363D74C5E545D92A218BDABB0D3FB30.e.1047"")>",dalephilipvlogs
solotravel,https://www.tiktok.com/@dalephilipvlogs/video/7283184576564972833,"<selenium.webdriver.remote.webelement.WebElement (session=""31011a278e965754811769eaf9b65f0e"", element=""f.1F1DA73BE2D201A77DF3EE8E970E1051.d.6363D74C5E545D92A218BDABB0D3FB30.e.1048"")>",usernamelotus2
solotravel,https://www.tiktok.com/@usernamelotus2/video/7383698228388121899,"<selenium.webdriver.remote.webelement.WebElement (session=""31011a278e965754811769eaf9b65f0e"", element=""f.1F1DA73BE2D201A77DF3EE8E970E1051.d.6363D74C5E545D92A218BDABB0D3FB30.e.1049"")>",titopaulo825
solotravel,https://www.tiktok.com/@titopaulo825/video/7306701283082161414,"<selenium.webdriver.remote.webelement.WebElement (session=""31011a278e965754811769eaf9b65f0e"", element=""f.1F1DA73BE2D201A77DF3EE8E970E1051.d.6363D74C5E545D92A218BDABB0D3FB30.e.1050"")>",travelingwithtals
solotravel,https://www.tiktok.com/@travelingwithtals/video/7404319357288926510,"<selenium.webdriver.remote.webelement.WebElement (session=""31011a278e965754811769eaf9b65f0e"", element=""f.1F1DA73BE2D201A77DF3EE8E970E1051.d.6363D74C5E545D92A218BDABB0D3FB30.e.1051"")>",iamsiennachristine
solotravel,https://www.tiktok.com/@iamsiennachristine/video/7184939933658909994,"<selenium.webdriver.remote.webelement.WebElement (session=""31011a278e965754811769eaf9b65f0e"", element=""f.1F1DA73BE2D201A77DF3EE8E970E1051.d.6363D74C5E545D92A218BDABB0D3FB30.e.1052"")>",sydneyl1ttle
roadtripvibes,https://www.tiktok.com/@terlouwjlr/video/7314290840065625377,"<selenium.webdriver.remote.webelement.WebElement (session=""31011a278e965754811769eaf9b65f0e"", element=""f.1F1DA73BE2D201A77DF3EE8E970E1051.d.B2863A42192DBA1665913CF1E0D7FA6D.e.1125"")>",terlouwjlr
roadtripvibes,https://www.tiktok.com/@luvley_leti/video/7239746185244757274,"<selenium.webdriver.remote.webelement.WebElement (session=""31011a278e965754811769eaf9b65f0e"", element=""f.1F1DA73BE2D201A77DF3EE8E970E1051.d.B2863A42192DBA1665913CF1E0D7FA6D.e.1126"")>",luvley_leti
roadtripvibes,https://www.tiktok.com/@lifewithdaniielle/video/7224614602515025195,"<selenium.webdriver.remote.webelement.WebElement (session=""31011a278e965754811769eaf9b65f0e"", element=""f.1F1DA73BE2D201A77DF3EE8E970E1051.d.B2863A42192DBA1665913CF1E0D7FA6D.e.1127"")>",lifewithdaniielle
roadtripvibes,https://www.tiktok.com/@cynthiajeannet/video/7358309827124268293,"<selenium.webdriver.remote.webelement.WebElement (session=""31011a278e965754811769eaf9b65f0e"", element=""f.1F1DA73BE2D201A77DF3EE8E970E1051.d.B2863A42192DBA1665913CF1E0D7FA6D.e.1128"")>",cynthiajeannet
roadtripvibes,https://www.tiktok.com/@truckertoby51/video/7356677000007896366,"<selenium.webdriver.remote.webelement.WebElement (session=""31011a278e965754811769eaf9b65f0e"", element=""f.1F1DA73BE2D201A77DF3EE8E970E1051.d.B2863A42192DBA1665913CF1E0D7FA6D.e.1129"")>",truckertoby51
roadtripvibes,https://www.tiktok.com/@faye_readsbooks/video/7400635015236750625,"<selenium.webdriver.remote.webelement.WebElement (session=""31011a278e965754811769eaf9b65f0e"", element=""f.1F1DA73BE2D201A77DF3EE8E970E1051.d.B2863A42192DBA1665913CF1E0D7FA6D.e.1130"")>",faye_readsbooks
roadtripvibes,https://www.tiktok.com/@0skhan0/video/7403419775281450273,"<selenium.webdriver.remote.webelement.WebElement (session=""31011a278e965754811769eaf9b65f0e"", element=""f.1F1DA73BE2D201A77DF3EE8E970E1051.d.B2863A42192DBA1665913CF1E0D7FA6D.e.1131"")>",0skhan0
roadtripvibes,https://www.tiktok.com/@paolavillegasm/video/7376871887009254661,"<selenium.webdriver.remote.webelement.WebElement (session=""31011a278e965754811769eaf9b65f0e"", element=""f.1F1DA73BE2D201A77DF3EE8E970E1051.d.B2863A42192DBA1665913CF1E0D7FA6D.e.1132"")>",paolavillegasm
roadtripvibes,https://www.tiktok.com/@MS4wLjABAAAATxGKNu1RGOPROqlHzS7PiF5iGokz7r4PIRe6JBiZKwkYMOf6qg24_M6_3kxasEpo/video/7406326899598757137,"<selenium.webdriver.remote.webelement.WebElement (session=""31011a278e965754811769eaf9b65f0e"", element=""f.1F1DA73BE2D201A77DF3EE8E970E1051.d.B2863A42192DBA1665913CF1E0D7FA6D.e.1133"")>",future
roadtripvibes,https://www.tiktok.com/@tanyabadillo/video/7347495589808049413,"<selenium.webdriver.remote.webelement.WebElement (session=""31011a278e965754811769eaf9b65f0e"", element=""f.1F1DA73BE2D201A77DF3EE8E970E1051.d.B2863A42192DBA1665913CF1E0D7FA6D.e.1134"")>",tanyabadillo
roadtripvibes,https://www.tiktok.com/@officialhumtuminengland/video/7348832280665771296,"<selenium.webdriver.remote.webelement.WebElement (session=""31011a278e965754811769eaf9b65f0e"", element=""f.1F1DA73BE2D201A77DF3EE8E970E1051.d.B2863A42192DBA1665913CF1E0D7FA6D.e.1135"")>",officialhumtuminengland
roadtripvibes,https://www.tiktok.com/@claoflores_/video/7341251885900287237,"<selenium.webdriver.remote.webelement.WebElement (session=""31011a278e965754811769eaf9b65f0e"", element=""f.1F1DA73BE2D201A77DF3EE8E970E1051.d.B2863A42192DBA1665913CF1E0D7FA6D.e.1136"")>",claoflores_
roadtripvibes,https://www.tiktok.com/@lifewithdaniielle/video/7193456706582564138,"<selenium.webdriver.remote.webelement.WebElement (session=""31011a278e965754811769eaf9b65f0e"", element=""f.1F1DA73BE2D201A77DF3EE8E970E1051.d.B2863A42192DBA1665913CF1E0D7FA6D.e.1137"")>",lifewithdaniielle
roadtripvibes,https://www.tiktok.com/@haylsa/video/7304548099798617377,"<selenium.webdriver.remote.webelement.WebElement (session=""31011a278e965754811769eaf9b65f0e"", element=""f.1F1DA73BE2D201A77DF3EE8E970E1051.d.B2863A42192DBA1665913CF1E0D7FA6D.e.1138"")>",haylsa
roadtripvibes,https://www.tiktok.com/@pradez28/video/7362126018909342982,"<selenium.webdriver.remote.webelement.WebElement (session=""31011a278e965754811769eaf9b65f0e"", element=""f.1F1DA73BE2D201A77DF3EE8E970E1051.d.B2863A42192DBA1665913CF1E0D7FA6D.e.1139"")>",pradez28
roadtripvibes,https://www.tiktok.com/@lacoronel90/video/7245420925024210219,"<selenium.webdriver.remote.webelement.WebElement (session=""31011a278e965754811769eaf9b65f0e"", element=""f.1F1DA73BE2D201A77DF3EE8E970E1051.d.B2863A42192DBA1665913CF1E0D7FA6D.e.1140"")>",lacoronel90
roadtripvibes,https://www.tiktok.com/@christopherbaus/video/7420342558649224480,"<selenium.webdriver.remote.webelement.WebElement (session=""31011a278e965754811769eaf9b65f0e"", element=""f.1F1DA73BE2D201A77DF3EE8E970E1051.d.B2863A42192DBA1665913CF1E0D7FA6D.e.1141"")>",christopherbaus
roadtripvibes,https://www.tiktok.com/@0skhan0/video/7408246201541250337,"<selenium.webdriver.remote.webelement.WebElement (session=""31011a278e965754811769eaf9b65f0e"", element=""f.1F1DA73BE2D201A77DF3EE8E970E1051.d.B2863A42192DBA1665913CF1E0D7FA6D.e.1142"")>",0skhan0
roadtripvibes,https://www.tiktok.com/@rache.explores/video/7187952233923824938,"<selenium.webdriver.remote.webelement.WebElement (session=""31011a278e965754811769eaf9b65f0e"", element=""f.1F1DA73BE2D201A77DF3EE8E970E1051.d.B2863A42192DBA1665913CF1E0D7FA6D.e.1143"")>",rache.explores
roadtripvibes,https://www.tiktok.com/@hearty.music/video/7394382202450038048,"<selenium.webdriver.remote.webelement.WebElement (session=""31011a278e965754811769eaf9b65f0e"", element=""f.1F1DA73BE2D201A77DF3EE8E970E1051.d.B2863A42192DBA1665913CF1E0D7FA6D.e.1144"")>",hearty.music
roadtripvibes,https://www.tiktok.com/@sarah_maggy0/video/7296386814548512001,"<selenium.webdriver.remote.webelement.WebElement (session=""31011a278e965754811769eaf9b65f0e"", element=""f.1F1DA73BE2D201A77DF3EE8E970E1051.d.B2863A42192DBA1665913CF1E0D7FA6D.e.1145"")>",sarah_maggy0
roadtripvibes,https://www.tiktok.com/@nikkypabl0/video/7336620775568428321,"<selenium.webdriver.remote.webelement.WebElement (session=""31011a278e965754811769eaf9b65f0e"", element=""f.1F1DA73BE2D201A77DF3EE8E970E1051.d.B2863A42192DBA1665913CF1E0D7FA6D.e.1146"")>",nikkypabl0
roadtripvibes,https://www.tiktok.com/@maarsdiaary/video/7380467158381300997,"<selenium.webdriver.remote.webelement.WebElement (session=""31011a278e965754811769eaf9b65f0e"", element=""f.1F1DA73BE2D201A77DF3EE8E970E1051.d.B2863A42192DBA1665913CF1E0D7FA6D.e.1147"")>",maarsdiaary
roadtripvibes,https://www.tiktok.com/@0skhan0/video/7410083607173270817,"<selenium.webdriver.remote.webelement.WebElement (session=""31011a278e965754811769eaf9b65f0e"", element=""f.1F1DA73BE2D201A77DF3EE8E970E1051.d.B2863A42192DBA1665913CF1E0D7FA6D.e.1148"")>",0skhan0
roadtripvibes,https://www.tiktok.com/@narjismostofa/video/7077517703136808219,"<selenium.webdriver.remote.webelement.WebElement (session=""31011a278e965754811769eaf9b65f0e"", element=""f.1F1DA73BE2D201A77DF3EE8E970E1051.d.B2863A42192DBA1665913CF1E0D7FA6D.e.1149"")>",narjismostofa
roadtripvibes,https://www.tiktok.com/@shiru.stuart/video/7403386077530180896,"<selenium.webdriver.remote.webelement.WebElement (session=""31011a278e965754811769eaf9b65f0e"", element=""f.1F1DA73BE2D201A77DF3EE8E970E1051.d.B2863A42192DBA1665913CF1E0D7FA6D.e.1150"")>",shiru.stuart
roadtripvibes,https://www.tiktok.com/@lifewithdaniielle/video/7193734794214362414,"<selenium.webdriver.remote.webelement.WebElement (session=""31011a278e965754811769eaf9b65f0e"", element=""f.1F1DA73BE2D201A77DF3EE8E970E1051.d.B2863A42192DBA1665913CF1E0D7FA6D.e.1151"")>",lifewithdaniielle
roadtripvibes,https://www.tiktok.com/@acoupleonthego/video/7343704257486507282,"<selenium.webdriver.remote.webelement.WebElement (session=""31011a278e965754811769eaf9b65f0e"", element=""f.1F1DA73BE2D201A77DF3EE8E970E1051.d.B2863A42192DBA1665913CF1E0D7FA6D.e.1152"")>",acoupleonthego
roadtripvibes,https://www.tiktok.com/@sarah_maggy0/video/7290818815317789960,"<selenium.webdriver.remote.webelement.WebElement (session=""31011a278e965754811769eaf9b65f0e"", element=""f.1F1DA73BE2D201A77DF3EE8E970E1051.d.B2863A42192DBA1665913CF1E0D7FA6D.e.1153"")>",sarah_maggy0
roadtripvibes,https://www.tiktok.com/@keikimoana/video/7290639709569584416,"<selenium.webdriver.remote.webelement.WebElement (session=""31011a278e965754811769eaf9b65f0e"", element=""f.1F1DA73BE2D201A77DF3EE8E970E1051.d.B2863A42192DBA1665913CF1E0D7FA6D.e.1154"")>",keikimoana
travelhacks,https://www.tiktok.com/@jocelynperkes/video/7347824331260480811,"<selenium.webdriver.remote.webelement.WebElement (session=""31011a278e965754811769eaf9b65f0e"", element=""f.1F1DA73BE2D201A77DF3EE8E970E1051.d.2F5DDBE58B67FC0F8E30D131225F9391.e.1266"")>",jocelynperkes
travelhacks,https://www.tiktok.com/@jinymaeng/video/7222944030823320834,"<selenium.webdriver.remote.webelement.WebElement (session=""31011a278e965754811769eaf9b65f0e"", element=""f.1F1DA73BE2D201A77DF3EE8E970E1051.d.2F5DDBE58B67FC0F8E30D131225F9391.e.1267"")>",jinymaeng
travelhacks,https://www.tiktok.com/@m.claj/video/7410380192780209440,"<selenium.webdriver.remote.webelement.WebElement (session=""31011a278e965754811769eaf9b65f0e"", element=""f.1F1DA73BE2D201A77DF3EE8E970E1051.d.2F5DDBE58B67FC0F8E30D131225F9391.e.1268"")>",m.claj
travelhacks,https://www.tiktok.com/@brnna.sum/video/7184620510704045354,"<selenium.webdriver.remote.webelement.WebElement (session=""31011a278e965754811769eaf9b65f0e"", element=""f.1F1DA73BE2D201A77DF3EE8E970E1051.d.2F5DDBE58B67FC0F8E30D131225F9391.e.1269"")>",brnna.sum
travelhacks,https://www.tiktok.com/@askinem/video/7350681256520142122,"<selenium.webdriver.remote.webelement.WebElement (session=""31011a278e965754811769eaf9b65f0e"", element=""f.1F1DA73BE2D201A77DF3EE8E970E1051.d.2F5DDBE58B67FC0F8E30D131225F9391.e.1270"")>",askinem
travelhacks,https://www.tiktok.com/@victorias.way/video/7336654594900086058,"<selenium.webdriver.remote.webelement.WebElement (session=""31011a278e965754811769eaf9b65f0e"", element=""f.1F1DA73BE2D201A77DF3EE8E970E1051.d.2F5DDBE58B67FC0F8E30D131225F9391.e.1271"")>",victorias.way
travelhacks,https://www.tiktok.com/@theshoppingexpert/video/7200927377210264875,"<selenium.webdriver.remote.webelement.WebElement (session=""31011a278e965754811769eaf9b65f0e"", element=""f.1F1DA73BE2D201A77DF3EE8E970E1051.d.2F5DDBE58B67FC0F8E30D131225F9391.e.1272"")>",theshoppingexpert
travelhacks,https://www.tiktok.com/@notlizziejohnson3/video/7193130263637953834,"<selenium.webdriver.remote.webelement.WebElement (session=""31011a278e965754811769eaf9b65f0e"", element=""f.1F1DA73BE2D201A77DF3EE8E970E1051.d.2F5DDBE58B67FC0F8E30D131225F9391.e.1273"")>",notlizziejohnson3
travelhacks,https://www.tiktok.com/@kelseyyanne/video/7386882082972208415,"<selenium.webdriver.remote.webelement.WebElement (session=""31011a278e965754811769eaf9b65f0e"", element=""f.1F1DA73BE2D201A77DF3EE8E970E1051.d.2F5DDBE58B67FC0F8E30D131225F9391.e.1274"")>",kelseyyanne
travelhacks,https://www.tiktok.com/@tatiana_franko/video/7203569499856096517,"<selenium.webdriver.remote.webelement.WebElement (session=""31011a278e965754811769eaf9b65f0e"", element=""f.1F1DA73BE2D201A77DF3EE8E970E1051.d.2F5DDBE58B67FC0F8E30D131225F9391.e.1275"")>",tatiana_franko
travelhacks,https://www.tiktok.com/@daysoutworldwide/video/7388649232766389537,"<selenium.webdriver.remote.webelement.WebElement (session=""31011a278e965754811769eaf9b65f0e"", element=""f.1F1DA73BE2D201A77DF3EE8E970E1051.d.2F5DDBE58B67FC0F8E30D131225F9391.e.1276"")>",daysoutworldwide
travelhacks,https://www.tiktok.com/@itschloelubag/video/7304070991968275754,"<selenium.webdriver.remote.webelement.WebElement (session=""31011a278e965754811769eaf9b65f0e"", element=""f.1F1DA73BE2D201A77DF3EE8E970E1051.d.2F5DDBE58B67FC0F8E30D131225F9391.e.1277"")>",itschloelubag
travelhacks,https://www.tiktok.com/@skylietravels/video/7361837593224351019,"<selenium.webdriver.remote.webelement.WebElement (session=""31011a278e965754811769eaf9b65f0e"", element=""f.1F1DA73BE2D201A77DF3EE8E970E1051.d.2F5DDBE58B67FC0F8E30D131225F9391.e.1278"")>",skylietravels
travelhacks,https://www.tiktok.com/@tiltedmap/video/7201932016353299754,"<selenium.webdriver.remote.webelement.WebElement (session=""31011a278e965754811769eaf9b65f0e"", element=""f.1F1DA73BE2D201A77DF3EE8E970E1051.d.2F5DDBE58B67FC0F8E30D131225F9391.e.1279"")>",tiltedmap
travelhacks,https://www.tiktok.com/@loulouexplores/video/7240803680046320922,"<selenium.webdriver.remote.webelement.WebElement (session=""31011a278e965754811769eaf9b65f0e"", element=""f.1F1DA73BE2D201A77DF3EE8E970E1051.d.2F5DDBE58B67FC0F8E30D131225F9391.e.1280"")>",loulouexplores
travelhacks,https://www.tiktok.com/@leoniglesiass/video/7377032340884720929,"<selenium.webdriver.remote.webelement.WebElement (session=""31011a278e965754811769eaf9b65f0e"", element=""f.1F1DA73BE2D201A77DF3EE8E970E1051.d.2F5DDBE58B67FC0F8E30D131225F9391.e.1281"")>",leoniglesiass
travelhacks,https://www.tiktok.com/@cindytj3/video/7385829336936467745,"<selenium.webdriver.remote.webelement.WebElement (session=""31011a278e965754811769eaf9b65f0e"", element=""f.1F1DA73BE2D201A77DF3EE8E970E1051.d.2F5DDBE58B67FC0F8E30D131225F9391.e.1282"")>",cindytj3
travelhacks,https://www.tiktok.com/@urspontaneousbrother/video/7186839018108144942,"<selenium.webdriver.remote.webelement.WebElement (session=""31011a278e965754811769eaf9b65f0e"", element=""f.1F1DA73BE2D201A77DF3EE8E970E1051.d.2F5DDBE58B67FC0F8E30D131225F9391.e.1283"")>",urspontaneousbrother
travelhacks,https://www.tiktok.com/@ppeney/video/7188552193673415979,"<selenium.webdriver.remote.webelement.WebElement (session=""31011a278e965754811769eaf9b65f0e"", element=""f.1F1DA73BE2D201A77DF3EE8E970E1051.d.2F5DDBE58B67FC0F8E30D131225F9391.e.1284"")>",ppeney
travelhacks,https://www.tiktok.com/@trainpal/video/7255701960161021210,"<selenium.webdriver.remote.webelement.WebElement (session=""31011a278e965754811769eaf9b65f0e"", element=""f.1F1DA73BE2D201A77DF3EE8E970E1051.d.2F5DDBE58B67FC0F8E30D131225F9391.e.1285"")>",trainpal
travelhacks,https://www.tiktok.com/@nstmrvl/video/7349587696202960160,"<selenium.webdriver.remote.webelement.WebElement (session=""31011a278e965754811769eaf9b65f0e"", element=""f.1F1DA73BE2D201A77DF3EE8E970E1051.d.2F5DDBE58B67FC0F8E30D131225F9391.e.1286"")>",nstmrvl
travelhacks,https://www.tiktok.com/@victorias.way/video/7341934882597260587,"<selenium.webdriver.remote.webelement.WebElement (session=""31011a278e965754811769eaf9b65f0e"", element=""f.1F1DA73BE2D201A77DF3EE8E970E1051.d.2F5DDBE58B67FC0F8E30D131225F9391.e.1287"")>",victorias.way
travelhacks,https://www.tiktok.com/@katebartlett/video/7280693013712522527,"<selenium.webdriver.remote.webelement.WebElement (session=""31011a278e965754811769eaf9b65f0e"", element=""f.1F1DA73BE2D201A77DF3EE8E970E1051.d.2F5DDBE58B67FC0F8E30D131225F9391.e.1288"")>",katebartlett
travelhacks,https://www.tiktok.com/@scorpiofashionistaa/video/7377434112543427846,"<selenium.webdriver.remote.webelement.WebElement (session=""31011a278e965754811769eaf9b65f0e"", element=""f.1F1DA73BE2D201A77DF3EE8E970E1051.d.2F5DDBE58B67FC0F8E30D131225F9391.e.1289"")>",scorpiofashionistaa
travelhacks,https://www.tiktok.com/@travelagentandy/video/7204620712684948782,"<selenium.webdriver.remote.webelement.WebElement (session=""31011a278e965754811769eaf9b65f0e"", element=""f.1F1DA73BE2D201A77DF3EE8E970E1051.d.2F5DDBE58B67FC0F8E30D131225F9391.e.1290"")>",travelagentandy
travelhacks,https://www.tiktok.com/@fahryy20/video/7314241341712534790,"<selenium.webdriver.remote.webelement.WebElement (session=""31011a278e965754811769eaf9b65f0e"", element=""f.1F1DA73BE2D201A77DF3EE8E970E1051.d.2F5DDBE58B67FC0F8E30D131225F9391.e.1291"")>",fahryy20
travelhacks,https://www.tiktok.com/@faith_osose/video/7334459598377749806,"<selenium.webdriver.remote.webelement.WebElement (session=""31011a278e965754811769eaf9b65f0e"", element=""f.1F1DA73BE2D201A77DF3EE8E970E1051.d.2F5DDBE58B67FC0F8E30D131225F9391.e.1292"")>",faith_osose
travelhacks,https://www.tiktok.com/@olivia.engstrom/video/7194142698780052778,"<selenium.webdriver.remote.webelement.WebElement (session=""31011a278e965754811769eaf9b65f0e"", element=""f.1F1DA73BE2D201A77DF3EE8E970E1051.d.2F5DDBE58B67FC0F8E30D131225F9391.e.1293"")>",olivia.engstrom
travelhacks,https://www.tiktok.com/@thekennyho/video/7405430237841952005,"<selenium.webdriver.remote.webelement.WebElement (session=""31011a278e965754811769eaf9b65f0e"", element=""f.1F1DA73BE2D201A77DF3EE8E970E1051.d.2F5DDBE58B67FC0F8E30D131225F9391.e.1294"")>",thekennyho
travelhacks,https://www.tiktok.com/@thedaniaustin/video/7334519238767627566,"<selenium.webdriver.remote.webelement.WebElement (session=""31011a278e965754811769eaf9b65f0e"", element=""f.1F1DA73BE2D201A77DF3EE8E970E1051.d.2F5DDBE58B67FC0F8E30D131225F9391.e.1295"")>",thedaniaustin
foodietravel,https://www.tiktok.com/@matadornetwork/video/7205711486197533995,"<selenium.webdriver.remote.webelement.WebElement (session=""31011a278e965754811769eaf9b65f0e"", element=""f.1F1DA73BE2D201A77DF3EE8E970E1051.d.95E11B560751952091AD8F94021B162F.e.1407"")>",matadornetwork
foodietravel,https://www.tiktok.com/@matadornetwork/video/7353034686932798750,"<selenium.webdriver.remote.webelement.WebElement (session=""31011a278e965754811769eaf9b65f0e"", element=""f.1F1DA73BE2D201A77DF3EE8E970E1051.d.95E11B560751952091AD8F94021B162F.e.1408"")>",matadornetwork
foodietravel,https://www.tiktok.com/@matadornetwork/video/7315159031797091614,"<selenium.webdriver.remote.webelement.WebElement (session=""31011a278e965754811769eaf9b65f0e"", element=""f.1F1DA73BE2D201A77DF3EE8E970E1051.d.95E11B560751952091AD8F94021B162F.e.1409"")>",matadornetwork
foodietravel,https://www.tiktok.com/@rossanateguia/video/7230971790820969733,"<selenium.webdriver.remote.webelement.WebElement (session=""31011a278e965754811769eaf9b65f0e"", element=""f.1F1DA73BE2D201A77DF3EE8E970E1051.d.95E11B560751952091AD8F94021B162F.e.1410"")>",rossanateguia
foodietravel,https://www.tiktok.com/@matadornetwork/video/7185307934811802923,"<selenium.webdriver.remote.webelement.WebElement (session=""31011a278e965754811769eaf9b65f0e"", element=""f.1F1DA73BE2D201A77DF3EE8E970E1051.d.95E11B560751952091AD8F94021B162F.e.1411"")>",matadornetwork
foodietravel,https://www.tiktok.com/@foodporn/video/7216738482981506305,"<selenium.webdriver.remote.webelement.WebElement (session=""31011a278e965754811769eaf9b65f0e"", element=""f.1F1DA73BE2D201A77DF3EE8E970E1051.d.95E11B560751952091AD8F94021B162F.e.1412"")>",foodporn
foodietravel,https://www.tiktok.com/@viajandocon.estilo/video/7267682792358628613,"<selenium.webdriver.remote.webelement.WebElement (session=""31011a278e965754811769eaf9b65f0e"", element=""f.1F1DA73BE2D201A77DF3EE8E970E1051.d.95E11B560751952091AD8F94021B162F.e.1413"")>",viajandocon.estilo
foodietravel,https://www.tiktok.com/@matadornetwork/video/7203118799661337898,"<selenium.webdriver.remote.webelement.WebElement (session=""31011a278e965754811769eaf9b65f0e"", element=""f.1F1DA73BE2D201A77DF3EE8E970E1051.d.95E11B560751952091AD8F94021B162F.e.1414"")>",matadornetwork
foodietravel,https://www.tiktok.com/@expedia/video/7203105188352249131,"<selenium.webdriver.remote.webelement.WebElement (session=""31011a278e965754811769eaf9b65f0e"", element=""f.1F1DA73BE2D201A77DF3EE8E970E1051.d.95E11B560751952091AD8F94021B162F.e.1415"")>",expedia
foodietravel,https://www.tiktok.com/@chdanishofficial/video/7337701727610621190,"<selenium.webdriver.remote.webelement.WebElement (session=""31011a278e965754811769eaf9b65f0e"", element=""f.1F1DA73BE2D201A77DF3EE8E970E1051.d.95E11B560751952091AD8F94021B162F.e.1416"")>",chdanishofficial
foodietravel,https://www.tiktok.com/@expedia/video/7200883964897185067,"<selenium.webdriver.remote.webelement.WebElement (session=""31011a278e965754811769eaf9b65f0e"", element=""f.1F1DA73BE2D201A77DF3EE8E970E1051.d.95E11B560751952091AD8F94021B162F.e.1417"")>",expedia
foodietravel,https://www.tiktok.com/@expedia/video/7222662165046578475,"<selenium.webdriver.remote.webelement.WebElement (session=""31011a278e965754811769eaf9b65f0e"", element=""f.1F1DA73BE2D201A77DF3EE8E970E1051.d.95E11B560751952091AD8F94021B162F.e.1418"")>",expedia
foodietravel,https://www.tiktok.com/@expedia/video/7184912629842971946,"<selenium.webdriver.remote.webelement.WebElement (session=""31011a278e965754811769eaf9b65f0e"", element=""f.1F1DA73BE2D201A77DF3EE8E970E1051.d.95E11B560751952091AD8F94021B162F.e.1419"")>",expedia
foodietravel,https://www.tiktok.com/@asadoadventure/video/7365994559592992005,"<selenium.webdriver.remote.webelement.WebElement (session=""31011a278e965754811769eaf9b65f0e"", element=""f.1F1DA73BE2D201A77DF3EE8E970E1051.d.95E11B560751952091AD8F94021B162F.e.1420"")>",asadoadventure
foodietravel,https://www.tiktok.com/@goodeatsbyrose/video/7349953001500478726,"<selenium.webdriver.remote.webelement.WebElement (session=""31011a278e965754811769eaf9b65f0e"", element=""f.1F1DA73BE2D201A77DF3EE8E970E1051.d.95E11B560751952091AD8F94021B162F.e.1421"")>",goodeatsbyrose
foodietravel,https://www.tiktok.com/@franziee_v/video/7363985113174134021,"<selenium.webdriver.remote.webelement.WebElement (session=""31011a278e965754811769eaf9b65f0e"", element=""f.1F1DA73BE2D201A77DF3EE8E970E1051.d.95E11B560751952091AD8F94021B162F.e.1422"")>",franziee_v
foodietravel,https://www.tiktok.com/@expedia/video/7197804890092244270,"<selenium.webdriver.remote.webelement.WebElement (session=""31011a278e965754811769eaf9b65f0e"", element=""f.1F1DA73BE2D201A77DF3EE8E970E1051.d.95E11B560751952091AD8F94021B162F.e.1423"")>",expedia
foodietravel,https://www.tiktok.com/@expedia/video/7210170033941663019,"<selenium.webdriver.remote.webelement.WebElement (session=""31011a278e965754811769eaf9b65f0e"", element=""f.1F1DA73BE2D201A77DF3EE8E970E1051.d.95E11B560751952091AD8F94021B162F.e.1424"")>",expedia
foodietravel,https://www.tiktok.com/@snackyokocho_japan/video/7376121111945170184,"<selenium.webdriver.remote.webelement.WebElement (session=""31011a278e965754811769eaf9b65f0e"", element=""f.1F1DA73BE2D201A77DF3EE8E970E1051.d.95E11B560751952091AD8F94021B162F.e.1425"")>",snackyokocho_japan
foodietravel,https://www.tiktok.com/@flavours_with_rizvi/video/7417421863145458951,"<selenium.webdriver.remote.webelement.WebElement (session=""31011a278e965754811769eaf9b65f0e"", element=""f.1F1DA73BE2D201A77DF3EE8E970E1051.d.95E11B560751952091AD8F94021B162F.e.1426"")>",flavours_with_rizvi
foodietravel,https://www.tiktok.com/@truulyscrumptious/video/7388986062472842529,"<selenium.webdriver.remote.webelement.WebElement (session=""31011a278e965754811769eaf9b65f0e"", element=""f.1F1DA73BE2D201A77DF3EE8E970E1051.d.95E11B560751952091AD8F94021B162F.e.1427"")>",truulyscrumptious
foodietravel,https://www.tiktok.com/@franziee_v/video/7373641076118211845,"<selenium.webdriver.remote.webelement.WebElement (session=""31011a278e965754811769eaf9b65f0e"", element=""f.1F1DA73BE2D201A77DF3EE8E970E1051.d.95E11B560751952091AD8F94021B162F.e.1428"")>",franziee_v
foodietravel,https://www.tiktok.com/@peshawarjunkies/video/7361745984440880392,"<selenium.webdriver.remote.webelement.WebElement (session=""31011a278e965754811769eaf9b65f0e"", element=""f.1F1DA73BE2D201A77DF3EE8E970E1051.d.95E11B560751952091AD8F94021B162F.e.1429"")>",peshawarjunkies
foodietravel,https://www.tiktok.com/@viralniaga/video/7335645729383288071,"<selenium.webdriver.remote.webelement.WebElement (session=""31011a278e965754811769eaf9b65f0e"", element=""f.1F1DA73BE2D201A77DF3EE8E970E1051.d.95E11B560751952091AD8F94021B162F.e.1430"")>",viralniaga
foodietravel,https://www.tiktok.com/@mer.in.michigan/video/7188273268816694574,"<selenium.webdriver.remote.webelement.WebElement (session=""31011a278e965754811769eaf9b65f0e"", element=""f.1F1DA73BE2D201A77DF3EE8E970E1051.d.95E11B560751952091AD8F94021B162F.e.1431"")>",mer.in.michigan
foodietravel,https://www.tiktok.com/@traveltribediscoveries/video/7268151774962322731,"<selenium.webdriver.remote.webelement.WebElement (session=""31011a278e965754811769eaf9b65f0e"", element=""f.1F1DA73BE2D201A77DF3EE8E970E1051.d.95E11B560751952091AD8F94021B162F.e.1432"")>",traveltribediscoveries
foodietravel,https://www.tiktok.com/@chdanishofficial/video/7320223371034135813,"<selenium.webdriver.remote.webelement.WebElement (session=""31011a278e965754811769eaf9b65f0e"", element=""f.1F1DA73BE2D201A77DF3EE8E970E1051.d.95E11B560751952091AD8F94021B162F.e.1433"")>",chdanishofficial
foodietravel,https://www.tiktok.com/@balkanstrek/video/7408515016498105633,"<selenium.webdriver.remote.webelement.WebElement (session=""31011a278e965754811769eaf9b65f0e"", element=""f.1F1DA73BE2D201A77DF3EE8E970E1051.d.95E11B560751952091AD8F94021B162F.e.1434"")>",balkanstrek
foodietravel,https://www.tiktok.com/@scottman895/video/7209422063352761643,"<selenium.webdriver.remote.webelement.WebElement (session=""31011a278e965754811769eaf9b65f0e"", element=""f.1F1DA73BE2D201A77DF3EE8E970E1051.d.95E11B560751952091AD8F94021B162F.e.1435"")>",scottman895
foodietravel,https://www.tiktok.com/@scottman895/video/7239489005295799595,"<selenium.webdriver.remote.webelement.WebElement (session=""31011a278e965754811769eaf9b65f0e"", element=""f.1F1DA73BE2D201A77DF3EE8E970E1051.d.95E11B560751952091AD8F94021B162F.e.1436"")>",scottman895
foodietravel,https://www.tiktok.com/@itxsaifkhan0/video/7418477623510076689,"<selenium.webdriver.remote.webelement.WebElement (session=""31011a278e965754811769eaf9b65f0e"", element=""f.1F1DA73BE2D201A77DF3EE8E970E1051.d.95E11B560751952091AD8F94021B162F.e.1437"")>",itxsaifkhan0
foodietravel,https://www.tiktok.com/@sunsetstealer2025/video/7387151974787042592,"<selenium.webdriver.remote.webelement.WebElement (session=""31011a278e965754811769eaf9b65f0e"", element=""f.1F1DA73BE2D201A77DF3EE8E970E1051.d.95E11B560751952091AD8F94021B162F.e.1438"")>",sunsetstealer2025
foodietravel,https://www.tiktok.com/@sam.lw_/video/7270800533148028168,"<selenium.webdriver.remote.webelement.WebElement (session=""31011a278e965754811769eaf9b65f0e"", element=""f.1F1DA73BE2D201A77DF3EE8E970E1051.d.95E11B560751952091AD8F94021B162F.e.1439"")>",sam.lw_
foodietravel,https://www.tiktok.com/@myhungrytraveller/video/7420383059372952839,"<selenium.webdriver.remote.webelement.WebElement (session=""31011a278e965754811769eaf9b65f0e"", element=""f.1F1DA73BE2D201A77DF3EE8E970E1051.d.95E11B560751952091AD8F94021B162F.e.1440"")>",myhungrytraveller
foodietravel,https://www.tiktok.com/@relocationserbia/video/7403784577262603526,"<selenium.webdriver.remote.webelement.WebElement (session=""31011a278e965754811769eaf9b65f0e"", element=""f.1F1DA73BE2D201A77DF3EE8E970E1051.d.95E11B560751952091AD8F94021B162F.e.1441"")>",relocationserbia
foodietravel,https://www.tiktok.com/@maximynor/video/7378359507593776389,"<selenium.webdriver.remote.webelement.WebElement (session=""31011a278e965754811769eaf9b65f0e"", element=""f.1F1DA73BE2D201A77DF3EE8E970E1051.d.95E11B560751952091AD8F94021B162F.e.1442"")>",maximynor
foodietravel,https://www.tiktok.com/@antozanottir/video/7269569305040211205,"<selenium.webdriver.remote.webelement.WebElement (session=""31011a278e965754811769eaf9b65f0e"", element=""f.1F1DA73BE2D201A77DF3EE8E970E1051.d.95E11B560751952091AD8F94021B162F.e.1443"")>",antozanottir
foodietravel,https://www.tiktok.com/@viajandocon.estilo/video/7263943077054795014,"<selenium.webdriver.remote.webelement.WebElement (session=""31011a278e965754811769eaf9b65f0e"", element=""f.1F1DA73BE2D201A77DF3EE8E970E1051.d.95E11B560751952091AD8F94021B162F.e.1444"")>",viajandocon.estilo
foodietravel,https://www.tiktok.com/@nomanulhaqsheikh/video/7273048004041428230,"<selenium.webdriver.remote.webelement.WebElement (session=""31011a278e965754811769eaf9b65f0e"", element=""f.1F1DA73BE2D201A77DF3EE8E970E1051.d.95E11B560751952091AD8F94021B162F.e.1445"")>",nomanulhaqsheikh
foodietravel,https://www.tiktok.com/@sunnysidetraveller/video/7417174877968387361,"<selenium.webdriver.remote.webelement.WebElement (session=""31011a278e965754811769eaf9b65f0e"", element=""f.1F1DA73BE2D201A77DF3EE8E970E1051.d.95E11B560751952091AD8F94021B162F.e.1446"")>",sunnysidetraveller
foodietravel,https://www.tiktok.com/@shanikauggalla/video/7326827479547514114,"<selenium.webdriver.remote.webelement.WebElement (session=""31011a278e965754811769eaf9b65f0e"", element=""f.1F1DA73BE2D201A77DF3EE8E970E1051.d.95E11B560751952091AD8F94021B162F.e.1447"")>",shanikauggalla
foodietravel,https://www.tiktok.com/@unbelizeableperez/video/7394538455197404421,"<selenium.webdriver.remote.webelement.WebElement (session=""31011a278e965754811769eaf9b65f0e"", element=""f.1F1DA73BE2D201A77DF3EE8E970E1051.d.95E11B560751952091AD8F94021B162F.e.1448"")>",unbelizeableperez
foodietravel,https://www.tiktok.com/@manuriverarios/video/7407107562564357381,"<selenium.webdriver.remote.webelement.WebElement (session=""31011a278e965754811769eaf9b65f0e"", element=""f.1F1DA73BE2D201A77DF3EE8E970E1051.d.95E11B560751952091AD8F94021B162F.e.1449"")>",manuriverarios
foodietravel,https://www.tiktok.com/@mirafoodies/video/7317004998003477765,"<selenium.webdriver.remote.webelement.WebElement (session=""31011a278e965754811769eaf9b65f0e"", element=""f.1F1DA73BE2D201A77DF3EE8E970E1051.d.95E11B560751952091AD8F94021B162F.e.1450"")>",mirafoodies
foodietravel,https://www.tiktok.com/@sheisalwaystraveling/video/7229934330468977962,"<selenium.webdriver.remote.webelement.WebElement (session=""31011a278e965754811769eaf9b65f0e"", element=""f.1F1DA73BE2D201A77DF3EE8E970E1051.d.95E11B560751952091AD8F94021B162F.e.1451"")>",sheisalwaystraveling
foodietravel,https://www.tiktok.com/@dreamlifebyjulie/video/7241172131294268718,"<selenium.webdriver.remote.webelement.WebElement (session=""31011a278e965754811769eaf9b65f0e"", element=""f.1F1DA73BE2D201A77DF3EE8E970E1051.d.95E11B560751952091AD8F94021B162F.e.1452"")>",dreamlifebyjulie
foodietravel,https://www.tiktok.com/@jorgevazquez_/video/7185619111873907974,"<selenium.webdriver.remote.webelement.WebElement (session=""31011a278e965754811769eaf9b65f0e"", element=""f.1F1DA73BE2D201A77DF3EE8E970E1051.d.95E11B560751952091AD8F94021B162F.e.1453"")>",jorgevazquez_
foodietravel,https://www.tiktok.com/@diana.scholl/video/7285284194136198432,"<selenium.webdriver.remote.webelement.WebElement (session=""31011a278e965754811769eaf9b65f0e"", element=""f.1F1DA73BE2D201A77DF3EE8E970E1051.d.95E11B560751952091AD8F94021B162F.e.1454"")>",diana.scholl
foodietravel,https://www.tiktok.com/@nirvanalunak/video/7299151409826548998,"<selenium.webdriver.remote.webelement.WebElement (session=""31011a278e965754811769eaf9b65f0e"", element=""f.1F1DA73BE2D201A77DF3EE8E970E1051.d.95E11B560751952091AD8F94021B162F.e.1455"")>",nirvanalunak
foodietravel,https://www.tiktok.com/@citygirlitinerary/video/7294942157083807009,"<selenium.webdriver.remote.webelement.WebElement (session=""31011a278e965754811769eaf9b65f0e"", element=""f.1F1DA73BE2D201A77DF3EE8E970E1051.d.95E11B560751952091AD8F94021B162F.e.1456"")>",citygirlitinerary
foodietravel,https://www.tiktok.com/@travel_with_sktours/video/7393587228129119494,"<selenium.webdriver.remote.webelement.WebElement (session=""31011a278e965754811769eaf9b65f0e"", element=""f.1F1DA73BE2D201A77DF3EE8E970E1051.d.95E11B560751952091AD8F94021B162F.e.1457"")>",travel_with_sktours
foodietravel,https://www.tiktok.com/@theeffortlesskitchen/video/7190862526765206827,"<selenium.webdriver.remote.webelement.WebElement (session=""31011a278e965754811769eaf9b65f0e"", element=""f.1F1DA73BE2D201A77DF3EE8E970E1051.d.95E11B560751952091AD8F94021B162F.e.1458"")>",theeffortlesskitchen
foodietravel,https://www.tiktok.com/@little.detour/video/7297997377154125088,"<selenium.webdriver.remote.webelement.WebElement (session=""31011a278e965754811769eaf9b65f0e"", element=""f.1F1DA73BE2D201A77DF3EE8E970E1051.d.95E11B560751952091AD8F94021B162F.e.1459"")>",little.detour
sustainabletravel,https://www.tiktok.com/@americanroadtrips/video/7195779707294518570,"<selenium.webdriver.remote.webelement.WebElement (session=""31011a278e965754811769eaf9b65f0e"", element=""f.1F1DA73BE2D201A77DF3EE8E970E1051.d.C16E3B1DFB0C858B5A50DB5925874D0A.e.1570"")>",americanroadtrips
sustainabletravel,https://www.tiktok.com/@warmaniac0/video/7411172549444308255,"<selenium.webdriver.remote.webelement.WebElement (session=""31011a278e965754811769eaf9b65f0e"", element=""f.1F1DA73BE2D201A77DF3EE8E970E1051.d.C16E3B1DFB0C858B5A50DB5925874D0A.e.1571"")>",warmaniac0
sustainabletravel,https://www.tiktok.com/@japankatiger/video/7308576604123434247,"<selenium.webdriver.remote.webelement.WebElement (session=""31011a278e965754811769eaf9b65f0e"", element=""f.1F1DA73BE2D201A77DF3EE8E970E1051.d.C16E3B1DFB0C858B5A50DB5925874D0A.e.1572"")>",japankatiger
sustainabletravel,https://www.tiktok.com/@chenxily/video/7257879383287844104,"<selenium.webdriver.remote.webelement.WebElement (session=""31011a278e965754811769eaf9b65f0e"", element=""f.1F1DA73BE2D201A77DF3EE8E970E1051.d.C16E3B1DFB0C858B5A50DB5925874D0A.e.1573"")>",chenxily
sustainabletravel,https://www.tiktok.com/@classsyandwealthy/video/7286976414283238698,"<selenium.webdriver.remote.webelement.WebElement (session=""31011a278e965754811769eaf9b65f0e"", element=""f.1F1DA73BE2D201A77DF3EE8E970E1051.d.C16E3B1DFB0C858B5A50DB5925874D0A.e.1574"")>",keepsiekits
sustainabletravel,https://www.tiktok.com/@keepsiekits/video/7204254321326787845,"<selenium.webdriver.remote.webelement.WebElement (session=""31011a278e965754811769eaf9b65f0e"", element=""f.1F1DA73BE2D201A77DF3EE8E970E1051.d.C16E3B1DFB0C858B5A50DB5925874D0A.e.1575"")>",ogaobinnatiktok
sustainabletravel,https://www.tiktok.com/@ogaobinnatiktok/video/7417857588919799045,"<selenium.webdriver.remote.webelement.WebElement (session=""31011a278e965754811769eaf9b65f0e"", element=""f.1F1DA73BE2D201A77DF3EE8E970E1051.d.C16E3B1DFB0C858B5A50DB5925874D0A.e.1576"")>",cotopaxiofficial
sustainabletravel,https://www.tiktok.com/@cotopaxiofficial/video/7218633702304255274,"<selenium.webdriver.remote.webelement.WebElement (session=""31011a278e965754811769eaf9b65f0e"", element=""f.1F1DA73BE2D201A77DF3EE8E970E1051.d.C16E3B1DFB0C858B5A50DB5925874D0A.e.1577"")>",pinktravelogue
sustainabletravel,https://www.tiktok.com/@pinktravelogue/video/7223402366127590682,"<selenium.webdriver.remote.webelement.WebElement (session=""31011a278e965754811769eaf9b65f0e"", element=""f.1F1DA73BE2D201A77DF3EE8E970E1051.d.C16E3B1DFB0C858B5A50DB5925874D0A.e.1578"")>",thetalesofatraveler
sustainabletravel,https://www.tiktok.com/@thetalesofatraveler/video/7249061304835656987,"<selenium.webdriver.remote.webelement.WebElement (session=""31011a278e965754811769eaf9b65f0e"", element=""f.1F1DA73BE2D201A77DF3EE8E970E1051.d.C16E3B1DFB0C858B5A50DB5925874D0A.e.1579"")>",carolinemcquistin
sustainabletravel,https://www.tiktok.com/@carolinemcquistin/video/7352078242360167713,"<selenium.webdriver.remote.webelement.WebElement (session=""31011a278e965754811769eaf9b65f0e"", element=""f.1F1DA73BE2D201A77DF3EE8E970E1051.d.C16E3B1DFB0C858B5A50DB5925874D0A.e.1580"")>",rentmount
sustainabletravel,https://www.tiktok.com/@rentmount/video/7225038513954114859,"<selenium.webdriver.remote.webelement.WebElement (session=""31011a278e965754811769eaf9b65f0e"", element=""f.1F1DA73BE2D201A77DF3EE8E970E1051.d.C16E3B1DFB0C858B5A50DB5925874D0A.e.1581"")>",sambentley
sustainabletravel,https://www.tiktok.com/@sambentley/video/7398193903293222177,"<selenium.webdriver.remote.webelement.WebElement (session=""31011a278e965754811769eaf9b65f0e"", element=""f.1F1DA73BE2D201A77DF3EE8E970E1051.d.C16E3B1DFB0C858B5A50DB5925874D0A.e.1582"")>",dazing.soul
sustainabletravel,https://www.tiktok.com/@dazing.soul/video/7204840146431167787,"<selenium.webdriver.remote.webelement.WebElement (session=""31011a278e965754811769eaf9b65f0e"", element=""f.1F1DA73BE2D201A77DF3EE8E970E1051.d.C16E3B1DFB0C858B5A50DB5925874D0A.e.1583"")>",parlasostenibilee
sustainabletravel,https://www.tiktok.com/@parlasostenibilee/video/7401134559556848929,"<selenium.webdriver.remote.webelement.WebElement (session=""31011a278e965754811769eaf9b65f0e"", element=""f.1F1DA73BE2D201A77DF3EE8E970E1051.d.C16E3B1DFB0C858B5A50DB5925874D0A.e.1584"")>",iberostar
sustainabletravel,https://www.tiktok.com/@iberostar/video/7410043973286350113,"<selenium.webdriver.remote.webelement.WebElement (session=""31011a278e965754811769eaf9b65f0e"", element=""f.1F1DA73BE2D201A77DF3EE8E970E1051.d.C16E3B1DFB0C858B5A50DB5925874D0A.e.1585"")>",africanheritagecity
sustainabletravel,https://www.tiktok.com/@africanheritagecity/video/7219992581185326378,"<selenium.webdriver.remote.webelement.WebElement (session=""31011a278e965754811769eaf9b65f0e"", element=""f.1F1DA73BE2D201A77DF3EE8E970E1051.d.C16E3B1DFB0C858B5A50DB5925874D0A.e.1586"")>",sarahbmarks
sustainabletravel,https://www.tiktok.com/@sarahbmarks/video/7274935799383149856,"<selenium.webdriver.remote.webelement.WebElement (session=""31011a278e965754811769eaf9b65f0e"", element=""f.1F1DA73BE2D201A77DF3EE8E970E1051.d.C16E3B1DFB0C858B5A50DB5925874D0A.e.1587"")>",thetalesofatraveler
sustainabletravel,https://www.tiktok.com/@thetalesofatraveler/video/7227077623980002587,"<selenium.webdriver.remote.webelement.WebElement (session=""31011a278e965754811769eaf9b65f0e"", element=""f.1F1DA73BE2D201A77DF3EE8E970E1051.d.C16E3B1DFB0C858B5A50DB5925874D0A.e.1588"")>",elliottontheroad
sustainabletravel,https://www.tiktok.com/@elliottontheroad/video/7347971134228270369,"<selenium.webdriver.remote.webelement.WebElement (session=""31011a278e965754811769eaf9b65f0e"", element=""f.1F1DA73BE2D201A77DF3EE8E970E1051.d.C16E3B1DFB0C858B5A50DB5925874D0A.e.1589"")>",ningaloocrew
sustainabletravel,https://www.tiktok.com/@ningaloocrew/video/7420064264095845640,"<selenium.webdriver.remote.webelement.WebElement (session=""31011a278e965754811769eaf9b65f0e"", element=""f.1F1DA73BE2D201A77DF3EE8E970E1051.d.C16E3B1DFB0C858B5A50DB5925874D0A.e.1590"")>",therailvoyage
sustainabletravel,https://www.tiktok.com/@therailvoyage/video/7324749064191364384,"<selenium.webdriver.remote.webelement.WebElement (session=""31011a278e965754811769eaf9b65f0e"", element=""f.1F1DA73BE2D201A77DF3EE8E970E1051.d.C16E3B1DFB0C858B5A50DB5925874D0A.e.1591"")>",dieneuenerzieher
sustainabletravel,https://www.tiktok.com/@dieneuenerzieher/video/7420804830765059360,"<selenium.webdriver.remote.webelement.WebElement (session=""31011a278e965754811769eaf9b65f0e"", element=""f.1F1DA73BE2D201A77DF3EE8E970E1051.d.C16E3B1DFB0C858B5A50DB5925874D0A.e.1592"")>",kosmetyki_w_podrozy
sustainabletravel,https://www.tiktok.com/@kosmetyki_w_podrozy/video/7337376082112302369,"<selenium.webdriver.remote.webelement.WebElement (session=""31011a278e965754811769eaf9b65f0e"", element=""f.1F1DA73BE2D201A77DF3EE8E970E1051.d.C16E3B1DFB0C858B5A50DB5925874D0A.e.1593"")>",sebastian_schieren
sustainabletravel,https://www.tiktok.com/@sebastian_schieren/video/7325124616429554976,"<selenium.webdriver.remote.webelement.WebElement (session=""31011a278e965754811769eaf9b65f0e"", element=""f.1F1DA73BE2D201A77DF3EE8E970E1051.d.C16E3B1DFB0C858B5A50DB5925874D0A.e.1594"")>",therailvoyage
sustainabletravel,https://www.tiktok.com/@therailvoyage/video/7357727124406471969,"<selenium.webdriver.remote.webelement.WebElement (session=""31011a278e965754811769eaf9b65f0e"", element=""f.1F1DA73BE2D201A77DF3EE8E970E1051.d.C16E3B1DFB0C858B5A50DB5925874D0A.e.1595"")>",jess.cliftonn
sustainabletravel,https://www.tiktok.com/@jess.cliftonn/video/7197588060865826091,"<selenium.webdriver.remote.webelement.WebElement (session=""31011a278e965754811769eaf9b65f0e"", element=""f.1F1DA73BE2D201A77DF3EE8E970E1051.d.C16E3B1DFB0C858B5A50DB5925874D0A.e.1596"")>",thetalesofatraveler
sustainabletravel,https://www.tiktok.com/@thetalesofatraveler/video/7257201438646947098,"<selenium.webdriver.remote.webelement.WebElement (session=""31011a278e965754811769eaf9b65f0e"", element=""f.1F1DA73BE2D201A77DF3EE8E970E1051.d.C16E3B1DFB0C858B5A50DB5925874D0A.e.1597"")>",interestingengineering
sustainabletravel,https://www.tiktok.com/@interestingengineering/video/7331780858585697542,"<selenium.webdriver.remote.webelement.WebElement (session=""31011a278e965754811769eaf9b65f0e"", element=""f.1F1DA73BE2D201A77DF3EE8E970E1051.d.C16E3B1DFB0C858B5A50DB5925874D0A.e.1598"")>",stubbosfits
sustainabletravel,https://www.tiktok.com/@stubbosfits/video/7417128874242264352,"<selenium.webdriver.remote.webelement.WebElement (session=""31011a278e965754811769eaf9b65f0e"", element=""f.1F1DA73BE2D201A77DF3EE8E970E1051.d.C16E3B1DFB0C858B5A50DB5925874D0A.e.1599"")>",hilal.digital
sustainabletravel,https://www.tiktok.com/@hilal.digital/video/7416760553697217810,"<selenium.webdriver.remote.webelement.WebElement (session=""31011a278e965754811769eaf9b65f0e"", element=""f.1F1DA73BE2D201A77DF3EE8E970E1051.d.C16E3B1DFB0C858B5A50DB5925874D0A.e.1600"")>",ig_adelle
sustainabletravel,https://www.tiktok.com/@ig_adelle/video/7293614794115009824,"<selenium.webdriver.remote.webelement.WebElement (session=""31011a278e965754811769eaf9b65f0e"", element=""f.1F1DA73BE2D201A77DF3EE8E970E1051.d.C16E3B1DFB0C858B5A50DB5925874D0A.e.1601"")>",podere.prasiano
sustainabletravel,https://www.tiktok.com/@podere.prasiano/video/7399161641016872225,"<selenium.webdriver.remote.webelement.WebElement (session=""31011a278e965754811769eaf9b65f0e"", element=""f.1F1DA73BE2D201A77DF3EE8E970E1051.d.C16E3B1DFB0C858B5A50DB5925874D0A.e.1602"")>",elliottontheroad
sustainabletravel,https://www.tiktok.com/@elliottontheroad/video/7348558812443381024,"<selenium.webdriver.remote.webelement.WebElement (session=""31011a278e965754811769eaf9b65f0e"", element=""f.1F1DA73BE2D201A77DF3EE8E970E1051.d.C16E3B1DFB0C858B5A50DB5925874D0A.e.1603"")>",elliottontheroad
