url,caption,author
https://www.tiktok.com/@epicexploring/video/7242368881744973082,,epicexploring
https://www.tiktok.com/@elimwenda/video/7310561750833728774,,elimwenda
https://www.tiktok.com/@charleswahinya_/video/7309850282521890053,,charleswahinya_
https://www.tiktok.com/@rheen_ruby/video/7307962355248286982,,rheen_ruby
https://www.tiktok.com/@jovenchi.k/video/7308708064994036997,,jovenchi.k
https://www.tiktok.com/@shique_phillips/video/7301722332366703878,,shique_phillips
https://www.tiktok.com/@elimwenda/video/7308988714699558150,,elimwenda
https://www.tiktok.com/@shique_phillips/video/7298770275301182725,,shique_phillips
https://www.tiktok.com/@travelwithrica/video/7282058756731473184,,travelwithrica
https://www.tiktok.com/@shique_phillips/video/7285394703615364358,,shique_phillips
https://www.tiktok.com/@travelwithrica/video/7282433862741855520,,travelwithrica
https://www.tiktok.com/@paola_audrey/video/7286035081091714337,,paola_audrey
https://www.tiktok.com/@perfectstrangerssfaris/video/7287340979751832838,,perfectstrangerssfaris
https://www.tiktok.com/@doctalulu/video/7283365745143123205,,doctalulu
https://www.tiktok.com/@lunnrojars/video/7285841311259790597,,lunnrojars
https://www.tiktok.com/@aderinsolao/video/7293443449448123653,,aderinsolao
https://www.tiktok.com/@paola_audrey/video/7288810821751229728,,paola_audrey
https://www.tiktok.com/@msafiri.co/video/7281357511393856773,,msafiri.co
https://www.tiktok.com/@villamanmalindi80/video/7302125536036375814,,villamanmalindi80
https://www.tiktok.com/@travelwithrica/video/7286525873933667617,,travelwithrica
https://www.tiktok.com/@__suzie__a/video/7286046089306836230,,__suzie__a
https://www.tiktok.com/@rheen_ruby/video/7306768942754778374,,rheen_ruby
https://www.tiktok.com/@rheen_ruby/video/7293946084513074437,,rheen_ruby
https://www.tiktok.com/@winnkarue/video/7307216222712679686,,winnkarue
https://www.tiktok.com/@lian_ireri/video/7293865259478043910,,lian_ireri
https://www.tiktok.com/@travellingtee/video/7296792426780347654,,travellingtee
https://www.tiktok.com/@lwazztooniice/video/7300520379330645253,,lwazztooniice
https://www.tiktok.com/@djsholz/video/7312066177889619233,,djsholz
https://www.tiktok.com/@ferinajo/video/7311335991875325189,,ferinajo
https://www.tiktok.com/@im_a.bigail/video/7293468715008544005,,im_a.bigail
https://www.tiktok.com/@sembalunlombok/video/7199666207736352026,,sembalunlombok
https://www.tiktok.com/@digital_zoo/video/7193304714526739755,,digital_zoo
https://www.tiktok.com/@mddyelrck/video/7237675316620168454,,mddyelrck
https://www.tiktok.com/@skiimage/video/7416647439370816801,,skiimage
https://www.tiktok.com/@romania/video/7351152175386578209,,romania
https://www.tiktok.com/@witchynanners.adventures/video/7221401421961415982,,witchynanners.adventures
https://www.tiktok.com/@cam.xtt/video/7388861279454186784,,cam.xtt
https://www.tiktok.com/@yuan22ce/video/7416419980540906769,,yuan22ce
https://www.tiktok.com/@_gallivant_with_us/video/7357069456306212128,,_gallivant_with_us
https://www.tiktok.com/@paulgregnueve/video/7407656297744600340,,paulgregnueve
https://www.tiktok.com/@mike_p____/video/7400762043940244742,,mike_p____
https://www.tiktok.com/@letsgetlosttravels/video/7306958537580645664,,letsgetlosttravels
https://www.tiktok.com/@viagememdosedupla/video/7271426912382209286,,viagememdosedupla
https://www.tiktok.com/@plasticgymrat/video/7343716934208277802,,plasticgymrat
https://www.tiktok.com/@girlwithapassport/video/7386445410291715358,,girlwithapassport
https://www.tiktok.com/@swisswoow/video/7361777199805975841,,swisswoow
https://www.tiktok.com/@b0rn2travel/video/7359048259538570501,,b0rn2travel
https://www.tiktok.com/@blancaperezt/video/7295614796978785569,,blancaperezt
https://www.tiktok.com/@winedinenashville/video/7376076233240481066,,winedinenashville
https://www.tiktok.com/@nyi.zola/video/7394915756955290913,,nyi.zola
https://www.tiktok.com/@travelmode.bh/video/7220577970040098049,,travelmode.bh
https://www.tiktok.com/@mike_p____/video/7402212738715389190,,mike_p____
https://www.tiktok.com/@duetfriday/video/7208303819967483142,,duetfriday
https://www.tiktok.com/@switzerland_explores/video/7294216065775668486,,switzerland_explores
https://www.tiktok.com/@travel_connoisseur/video/7314508803859418400,,travel_connoisseur
https://www.tiktok.com/@rcdhugo/video/7343102027947445537,,rcdhugo
https://www.tiktok.com/@geneefur/video/7351880077174459691,,geneefur
https://www.tiktok.com/@switzerland_explores/video/7266896486342987013,,switzerland_explores
https://www.tiktok.com/@girlwithapassport/video/7330361497249516842,,girlwithapassport
https://www.tiktok.com/@lisaabue/video/7388045469328444705,,lisaabue
https://www.tiktok.com/@blancaperezt/video/7295614796978785569,,blancaperezt
https://www.tiktok.com/@kayli.kiing/video/7299523531895835947,,kayli.kiing
https://www.tiktok.com/@blancaperezt/video/7296613501823503648,,blancaperezt
https://www.tiktok.com/@hellobylouis/video/7329183558134746401,,hellobylouis
https://www.tiktok.com/@hannahs_ventures/video/7403010414625213727,,hannahs_ventures
https://www.tiktok.com/@hellobylouis/video/7321385363946130721,,hellobylouis
https://www.tiktok.com/@kimberlyerind/video/7317444344552656133,,kimberlyerind
https://www.tiktok.com/@runningloulou/video/7417124492503469344,,runningloulou
https://www.tiktok.com/@anapaugarzag/video/7314370092609916165,,anapaugarzag
https://www.tiktok.com/@silkyrontheroad/video/7283748008041205025,,silkyrontheroad
https://www.tiktok.com/@hikingwithhollywood/video/7200102478099139882,,hikingwithhollywood
https://www.tiktok.com/@marleenij/video/7298649183836212513,,marleenij
https://www.tiktok.com/@ourwanderlust_life/video/7194913480598752555,,ourwanderlust_life
https://www.tiktok.com/@romeeroseboom/video/7405293724487404833,,romeeroseboom
https://www.tiktok.com/@runningloulou/video/7416404004759932192,,runningloulou
https://www.tiktok.com/@hikingwithhollywood/video/7201156599849733418,,hikingwithhollywood
https://www.tiktok.com/@adventure_daddy/video/7270660509395995936,,adventure_daddy
https://www.tiktok.com/@alexbelmont44/video/7406701779339054342,,alexbelmont44
https://www.tiktok.com/@blancaperezt/video/7293762463739202848,,blancaperezt
https://www.tiktok.com/@blancaperezt/video/7297355128284155169,,blancaperezt
https://www.tiktok.com/@smart.travel.worl/video/7389390100947373345,,smart.travel.worl
https://www.tiktok.com/@marionoutdoors/video/7190412546065812782,,marionoutdoors
https://www.tiktok.com/@blancaperezt/video/7300125923624422689,,blancaperezt
https://www.tiktok.com/@marionoutdoors/video/7193729810093395242,,marionoutdoors
https://www.tiktok.com/@blancaperezt/video/7296841094669700385,,blancaperezt
https://www.tiktok.com/@hikingwithhollywood/video/7204524604046658862,,hikingwithhollywood
https://www.tiktok.com/@blancaperezt/video/7297199127224503585,,blancaperezt
https://www.tiktok.com/@phoebemoonx/video/7293046811932036384,,phoebemoonx
https://www.tiktok.com/@volunteerworld/video/7418862730242788641,,volunteerworld
https://www.tiktok.com/@kamran_khan_ym/video/7412380877277138194,,kamran_khan_ym
https://www.tiktok.com/@sembalunlombok/video/7199666207736352026,,sembalunlombok
https://www.tiktok.com/@pitor.official/video/7325648852067896578,,pitor.official
https://www.tiktok.com/@brbcatchingflights/video/7391875900532395282,,brbcatchingflights
https://www.tiktok.com/@bradenjstanley/video/7260111850895969541,,bradenjstanley
https://www.tiktok.com/@journeysbynicole/video/7189398652119452971,,journeysbynicole
https://www.tiktok.com/@luxetravelcouple/video/7220094755399617798,,luxetravelcouple
https://www.tiktok.com/@dalephilipvlogs/video/7285348490266397984,,dalephilipvlogs
https://www.tiktok.com/@mileswithfi/video/7321444420765715745,,mileswithfi
https://www.tiktok.com/@reisememoires/video/7300207041749011745,,reisememoires
https://www.tiktok.com/@mmeritravels/video/7341578986163604778,,mmeritravels
https://www.tiktok.com/@lu_madeline/video/7381475781047848224,,lu_madeline
https://www.tiktok.com/@travelagentandy/video/7204620712684948782,,travelagentandy
https://www.tiktok.com/@boujeebudgettravel/video/7365959701676297505,,boujeebudgettravel
https://www.tiktok.com/@amalfijets/video/7413155548515814698,,amalfijets
https://www.tiktok.com/@beatrizanjos8/video/7411044030735240481,,beatrizanjos8
https://www.tiktok.com/@laxtoluxury/video/7184967344131738926,,laxtoluxury
https://www.tiktok.com/@queencitytrends/video/7388696491117907243,,queencitytrends
https://www.tiktok.com/@biscoitando_music/video/7415791184045460742,,biscoitando_music
https://www.tiktok.com/@laxtoluxury/video/7229054501800447275,,laxtoluxury
https://www.tiktok.com/@thepointsguy/video/7361544837641981230,,thepointsguy
https://www.tiktok.com/@visit/video/7310969919552638240,,visit
https://www.tiktok.com/@linlondyn/video/7356659720452672810,,linlondyn
https://www.tiktok.com/@aadavedenoja/video/7335204152311581984,,aadavedenoja
https://www.tiktok.com/@laxtoluxury/video/7328157119260167455,,laxtoluxury
https://www.tiktok.com/@carielizabethh/video/7359247492178922795,,carielizabethh
https://www.tiktok.com/@currentlycarterr/video/7366060355560279326,,currentlycarterr
https://www.tiktok.com/@laxtoluxury/video/7367173258422078763,,laxtoluxury
https://www.tiktok.com/@jacksdiningroom/video/7380126463674207534,,jacksdiningroom
https://www.tiktok.com/@intericoart/video/7334436694369783073,,intericoart
https://www.tiktok.com/@fuelyourwander/video/7328055146305375530,,fuelyourwander
https://www.tiktok.com/@fuelyourwander/video/7200111672974069038,,fuelyourwander
https://www.tiktok.com/@soleneoj/video/7219314390607219974,,soleneoj
https://www.tiktok.com/@hillarybowles/video/7328225833821244715,,hillarybowles
https://www.tiktok.com/@sarahlovingly/video/7398530095683521822,,sarahlovingly
https://www.tiktok.com/@bobbiestraveldiaries/video/7360399978566569248,,bobbiestraveldiaries
https://www.tiktok.com/@undiscoveredpathhome/video/7324619460424371488,,undiscoveredpathhome
https://www.tiktok.com/@hayleyryantravel/video/7379712385054952746,,hayleyryantravel
https://www.tiktok.com/@jakehughesss/video/7364080361455799585,,jakehughesss
https://www.tiktok.com/@dalephilip/video/7274266416155610369,,dalephilip
https://www.tiktok.com/@dreamers.welcome/video/7315880842037841195,,dreamers.welcome
https://www.tiktok.com/@epic.stays/video/7204932048144977198,,epic.stays
https://www.tiktok.com/@satedventurestravel/video/7329498489237327146,,satedventurestravel
https://www.tiktok.com/@myfloridaguide/video/7381612673768639787,,myfloridaguide
https://www.tiktok.com/@tahynarandalll/video/7413133422564019477,,tahynarandalll
https://www.tiktok.com/@banyuwangi24jamofficial/video/7359975748691643653,,banyuwangi24jamofficial
https://www.tiktok.com/@pauiietravels/video/7188533262267026731,,pauiietravels
https://www.tiktok.com/@thegsfamily_/video/7402375964472249630,,thegsfamily_
https://www.tiktok.com/@juicybodygoddess/video/7414626921880767774,,juicybodygoddess
https://www.tiktok.com/@didyouknow_thesefacts/video/7238047088603434267,,didyouknow_thesefacts
https://www.tiktok.com/@luxuryexplorer1/video/7267966672743550240,,luxuryexplorer1
https://www.tiktok.com/@hauntyou.u/video/7366998512921365793,,hauntyou.u
https://www.tiktok.com/@carielizabethh/video/7278743251144822062,,carielizabethh
https://www.tiktok.com/@banyuwangi24jamofficial/video/7358096661576469765,,banyuwangi24jamofficial
https://www.tiktok.com/@elisolanotravels/video/7225626969193614638,,elisolanotravels
https://www.tiktok.com/@epicscreenshots/video/7378727506146233643,,epicscreenshots
https://www.tiktok.com/@magnicity/video/7191167024083504426,,magnicity
https://www.tiktok.com/@doseofsydnee/video/7325311041015975211,,doseofsydnee
https://www.tiktok.com/@elisolanotravels/video/7239381690903268650,,elisolanotravels
https://www.tiktok.com/@ia.reddit/video/7385699915114056993,,ia.reddit
https://www.tiktok.com/@hauntyou.u/video/7392681386580135200,,hauntyou.u
https://www.tiktok.com/@prosto.daanya/video/7403451309166464302,,prosto.daanya
https://www.tiktok.com/@aclownandherdolly/video/7185690685499133190,,aclownandherdolly
https://www.tiktok.com/@fulltimewarehouse/video/7404322439167020319,,fulltimewarehouse
https://www.tiktok.com/@helzzzrich/video/7205637256487472390,,helzzzrich
https://www.tiktok.com/@tarabferrara/video/7377438693478501675,,tarabferrara
https://www.tiktok.com/@kieraj2019/video/7404318882917371179,,kieraj2019
https://www.tiktok.com/@candy_hikes/video/7392106417479634219,,candy_hikes
https://www.tiktok.com/@elisolanotravels/video/7199719243703913774,,elisolanotravels
https://www.tiktok.com/@izzacarolino/video/7341813162368339207,,izzacarolino
https://www.tiktok.com/@iamtseringgrg/video/7407089930351955246,,iamtseringgrg
https://www.tiktok.com/@faeiiza.s/video/7204593151531699483,,faeiiza.s
https://www.tiktok.com/@lynh_luu/video/7364384079652916488,,lynh_luu
https://www.tiktok.com/@bambang_rahayu2/video/7360602935824370949,,bambang_rahayu2
https://www.tiktok.com/@ranawijaaya/video/7288625682500930821,,ranawijaaya
https://www.tiktok.com/@mioteriyaki/video/7363658570090417440,,mioteriyaki
https://www.tiktok.com/@tryingtobequiet/video/7371484883283381550,,tryingtobequiet
https://www.tiktok.com/@haleyhitstheroad/video/7192411580015840554,,haleyhitstheroad
https://www.tiktok.com/@dalephilipvlogs/video/7284917036021533984,,dalephilipvlogs
https://www.tiktok.com/@vanillatrilla1/video/7213459009075039493,,vanillatrilla1
https://www.tiktok.com/@dalephilipvlogs/video/7291344828242087201,,dalephilipvlogs
https://www.tiktok.com/@blythe/video/7243727571593006342,,blythe
https://www.tiktok.com/@sabrinapangilinan/video/7359662044368489734,,sabrinapangilinan
https://www.tiktok.com/@dalephilip/video/7274571212435492097,,dalephilip
https://www.tiktok.com/@dalephilip/video/7271074548303367426,,dalephilip
https://www.tiktok.com/@notaregularnanny/video/7395254184393821486,,notaregularnanny
https://www.tiktok.com/@dalephilip/video/7266853085572566273,,dalephilip
https://www.tiktok.com/@yaelaeliza/video/7283415248151776545,,yaelaeliza
https://www.tiktok.com/@tessbray3/video/7278748033494306094,,tessbray3
https://www.tiktok.com/@biigmaama/video/7196888921580604718,,biigmaama
https://www.tiktok.com/@boundtoherbackpack/video/7242087686775885058,,boundtoherbackpack
https://www.tiktok.com/@sofialigeros/video/7224412889698880770,,sofialigeros
https://www.tiktok.com/@harrisonwiedman/video/7369097368211426592,,harrisonwiedman
https://www.tiktok.com/@dalephilip/video/7203874370026999042,,dalephilip
https://www.tiktok.com/@shaunamackd/video/7270244582510677281,,shaunamackd
https://www.tiktok.com/@dalephilipvlogs/video/7285348490266397984,,dalephilipvlogs
https://www.tiktok.com/@doseoftravel/video/7308560632230759726,,doseoftravel
https://www.tiktok.com/@notalabamahannah/video/7377266861328665898,,notalabamahannah
https://www.tiktok.com/@gihihihina/video/7347367459659222305,,gihihihina
https://www.tiktok.com/@dalephilipvlogs/video/7283184576564972833,,dalephilipvlogs
https://www.tiktok.com/@usernamelotus2/video/7383698228388121899,,usernamelotus2
https://www.tiktok.com/@titopaulo825/video/7306701283082161414,,titopaulo825
https://www.tiktok.com/@travelingwithtals/video/7404319357288926510,,travelingwithtals
https://www.tiktok.com/@iamsiennachristine/video/7184939933658909994,,iamsiennachristine
https://www.tiktok.com/@sydneyl1ttle/video/7315603053170691333,,sydneyl1ttle
https://www.tiktok.com/@terlouwjlr/video/7314290840065625377,,terlouwjlr
https://www.tiktok.com/@luvley_leti/video/7239746185244757274,,luvley_leti
https://www.tiktok.com/@lifewithdaniielle/video/7224614602515025195,,lifewithdaniielle
https://www.tiktok.com/@cynthiajeannet/video/7358309827124268293,,cynthiajeannet
https://www.tiktok.com/@truckertoby51/video/7356677000007896366,,truckertoby51
https://www.tiktok.com/@faye_readsbooks/video/7400635015236750625,,faye_readsbooks
https://www.tiktok.com/@0skhan0/video/7403419775281450273,,0skhan0
https://www.tiktok.com/@paolavillegasm/video/7376871887009254661,,paolavillegasm
https://www.tiktok.com/@MS4wLjABAAAATxGKNu1RGOPROqlHzS7PiF5iGokz7r4PIRe6JBiZKwkYMOf6qg24_M6_3kxasEpo/video/7406326899598757137,,ㅤfutureㅤㅤ
https://www.tiktok.com/@tanyabadillo/video/7347495589808049413,,tanyabadillo
https://www.tiktok.com/@officialhumtuminengland/video/7348832280665771296,,officialhumtuminengland
https://www.tiktok.com/@claoflores_/video/7341251885900287237,,claoflores_
https://www.tiktok.com/@lifewithdaniielle/video/7193456706582564138,,lifewithdaniielle
https://www.tiktok.com/@haylsa/video/7304548099798617377,,haylsa
https://www.tiktok.com/@pradez28/video/7362126018909342982,,pradez28
https://www.tiktok.com/@lacoronel90/video/7245420925024210219,,lacoronel90
https://www.tiktok.com/@christopherbaus/video/7420342558649224480,,christopherbaus
https://www.tiktok.com/@0skhan0/video/7408246201541250337,,0skhan0
https://www.tiktok.com/@rache.explores/video/7187952233923824938,,rache.explores
https://www.tiktok.com/@hearty.music/video/7394382202450038048,,hearty.music
https://www.tiktok.com/@sarah_maggy0/video/7296386814548512001,,sarah_maggy0
https://www.tiktok.com/@nikkypabl0/video/7336620775568428321,,nikkypabl0
https://www.tiktok.com/@maarsdiaary/video/7380467158381300997,,maarsdiaary
https://www.tiktok.com/@0skhan0/video/7410083607173270817,,0skhan0
https://www.tiktok.com/@narjismostofa/video/7077517703136808219,,narjismostofa
https://www.tiktok.com/@shiru.stuart/video/7403386077530180896,,shiru.stuart
https://www.tiktok.com/@lifewithdaniielle/video/7193734794214362414,,lifewithdaniielle
https://www.tiktok.com/@acoupleonthego/video/7343704257486507282,,acoupleonthego
https://www.tiktok.com/@sarah_maggy0/video/7290818815317789960,,sarah_maggy0
https://www.tiktok.com/@keikimoana/video/7290639709569584416,,keikimoana
https://www.tiktok.com/@clem.travel/video/7412998635861871904,,clem.travel
https://www.tiktok.com/@journaway.com/video/7335434411996876065,,journaway.com
https://www.tiktok.com/@gringonation/video/7341839350868561158,,gringonation
https://www.tiktok.com/@kasenerrikkssonn/video/7406738051902328095,,kasenerrikkssonn
https://www.tiktok.com/@shelbssays/video/7202379495934856491,,shelbssays
https://www.tiktok.com/@alinafdlr/video/7345020714346433824,,alinafdlr
https://www.tiktok.com/@adryckk/video/7270316977837608198,,adryckk
https://www.tiktok.com/@lauramaremusica/video/7350443047227886853,,lauramaremusica
https://www.tiktok.com/@clem.travel/video/7416712939605986592,,clem.travel
https://www.tiktok.com/@binsoy386/video/7405104585322368264,,binsoy386
https://www.tiktok.com/@0skhan0/video/7405269800466877729,,0skhan0
https://www.tiktok.com/@butchbiker/video/7339933498020531488,,butchbiker
https://www.tiktok.com/@maam_lee/video/7276847883121462534,,maam_lee
https://www.tiktok.com/@shiftin.shenanigans/video/7362182189599001888,,shiftin.shenanigans
https://www.tiktok.com/@gsmysblle/video/7373655502888144134,,gsmysblle
https://www.tiktok.com/@autoalexkauftdeinauto/video/7256025319637781786,,autoalexkauftdeinauto
https://www.tiktok.com/@kim.montada/video/7420311483055197473,,kim.montada
https://www.tiktok.com/@jocelynperkes/video/7347824331260480811,,jocelynperkes
https://www.tiktok.com/@jinymaeng/video/7222944030823320834,,jinymaeng
https://www.tiktok.com/@m.claj/video/7410380192780209440,,m.claj
https://www.tiktok.com/@brnna.sum/video/7184620510704045354,,brnna.sum
https://www.tiktok.com/@askinem/video/7350681256520142122,,askinem
https://www.tiktok.com/@victorias.way/video/7336654594900086058,,victorias.way
https://www.tiktok.com/@theshoppingexpert/video/7200927377210264875,,theshoppingexpert
https://www.tiktok.com/@notlizziejohnson3/video/7193130263637953834,,notlizziejohnson3
https://www.tiktok.com/@kelseyyanne/video/7386882082972208415,,kelseyyanne
https://www.tiktok.com/@tatiana_franko/video/7203569499856096517,,tatiana_franko
https://www.tiktok.com/@daysoutworldwide/video/7388649232766389537,,daysoutworldwide
https://www.tiktok.com/@itschloelubag/video/7304070991968275754,,itschloelubag
https://www.tiktok.com/@skylietravels/video/7361837593224351019,,skylietravels
https://www.tiktok.com/@tiltedmap/video/7201932016353299754,,tiltedmap
https://www.tiktok.com/@loulouexplores/video/7240803680046320922,,loulouexplores
https://www.tiktok.com/@leoniglesiass/video/7377032340884720929,,leoniglesiass
https://www.tiktok.com/@cindytj3/video/7385829336936467745,,cindytj3
https://www.tiktok.com/@urspontaneousbrother/video/7186839018108144942,,urspontaneousbrother
https://www.tiktok.com/@ppeney/video/7188552193673415979,,ppeney
https://www.tiktok.com/@trainpal/video/7255701960161021210,,trainpal
https://www.tiktok.com/@nstmrvl/video/7349587696202960160,,nstmrvl
https://www.tiktok.com/@victorias.way/video/7341934882597260587,,victorias.way
https://www.tiktok.com/@katebartlett/video/7280693013712522527,,katebartlett
https://www.tiktok.com/@scorpiofashionistaa/video/7377434112543427846,,scorpiofashionistaa
https://www.tiktok.com/@travelagentandy/video/7204620712684948782,,travelagentandy
https://www.tiktok.com/@fahryy20/video/7314241341712534790,,fahryy20
https://www.tiktok.com/@faith_osose/video/7334459598377749806,,faith_osose
https://www.tiktok.com/@olivia.engstrom/video/7194142698780052778,,olivia.engstrom
https://www.tiktok.com/@thekennyho/video/7405430237841952005,,thekennyho
https://www.tiktok.com/@thedaniaustin/video/7334519238767627566,,thedaniaustin
https://www.tiktok.com/@muscleupmommy/video/7258412209691299115,,muscleupmommy
https://www.tiktok.com/@emilia.nai/video/7420740227100183840,,emilia.nai
https://www.tiktok.com/@stuartandfrancis/video/7319980442818465056,,stuartandfrancis
https://www.tiktok.com/@thetrinityjackson/video/7385268096820366634,,thetrinityjackson
https://www.tiktok.com/@airplane.spotterlax/video/7331947704916036910,,airplane.spotterlax
https://www.tiktok.com/@victorias.way/video/7373019274580888878,,victorias.way
https://www.tiktok.com/@matadornetwork/video/7205711486197533995,,matadornetwork
https://www.tiktok.com/@matadornetwork/video/7353034686932798750,,matadornetwork
https://www.tiktok.com/@matadornetwork/video/7315159031797091614,,matadornetwork
https://www.tiktok.com/@rossanateguia/video/7230971790820969733,,rossanateguia
https://www.tiktok.com/@matadornetwork/video/7185307934811802923,,matadornetwork
https://www.tiktok.com/@foodporn/video/7216738482981506305,,foodporn
https://www.tiktok.com/@viajandocon.estilo/video/7267682792358628613,,viajandocon.estilo
https://www.tiktok.com/@matadornetwork/video/7203118799661337898,,matadornetwork
https://www.tiktok.com/@expedia/video/7203105188352249131,,expedia
https://www.tiktok.com/@chdanishofficial/video/7337701727610621190,,chdanishofficial
https://www.tiktok.com/@expedia/video/7200883964897185067,,expedia
https://www.tiktok.com/@expedia/video/7222662165046578475,,expedia
https://www.tiktok.com/@expedia/video/7184912629842971946,,expedia
https://www.tiktok.com/@asadoadventure/video/7365994559592992005,,asadoadventure
https://www.tiktok.com/@goodeatsbyrose/video/7349953001500478726,,goodeatsbyrose
https://www.tiktok.com/@franziee_v/video/7363985113174134021,,franziee_v
https://www.tiktok.com/@expedia/video/7197804890092244270,,expedia
https://www.tiktok.com/@expedia/video/7210170033941663019,,expedia
https://www.tiktok.com/@snackyokocho_japan/video/7376121111945170184,,snackyokocho_japan
https://www.tiktok.com/@flavours_with_rizvi/video/7417421863145458951,,flavours_with_rizvi
https://www.tiktok.com/@truulyscrumptious/video/7388986062472842529,,truulyscrumptious
https://www.tiktok.com/@franziee_v/video/7373641076118211845,,franziee_v
https://www.tiktok.com/@peshawarjunkies/video/7361745984440880392,,peshawarjunkies
https://www.tiktok.com/@viralniaga/video/7335645729383288071,,viralniaga
https://www.tiktok.com/@mer.in.michigan/video/7188273268816694574,,mer.in.michigan
https://www.tiktok.com/@traveltribediscoveries/video/7268151774962322731,,traveltribediscoveries
https://www.tiktok.com/@chdanishofficial/video/7320223371034135813,,chdanishofficial
https://www.tiktok.com/@balkanstrek/video/7408515016498105633,,balkanstrek
https://www.tiktok.com/@scottman895/video/7209422063352761643,,scottman895
https://www.tiktok.com/@scottman895/video/7239489005295799595,,scottman895
https://www.tiktok.com/@itxsaifkhan0/video/7418477623510076689,,itxsaifkhan0
https://www.tiktok.com/@sunsetstealer2025/video/7387151974787042592,,sunsetstealer2025
https://www.tiktok.com/@sam.lw_/video/7270800533148028168,,sam.lw_
https://www.tiktok.com/@myhungrytraveller/video/7420383059372952839,,myhungrytraveller
https://www.tiktok.com/@relocationserbia/video/7403784577262603526,,relocationserbia
https://www.tiktok.com/@maximynor/video/7378359507593776389,,maximynor
https://www.tiktok.com/@antozanottir/video/7269569305040211205,,antozanottir
https://www.tiktok.com/@viajandocon.estilo/video/7263943077054795014,,viajandocon.estilo
https://www.tiktok.com/@americanroadtrips/video/7195779707294518570,,americanroadtrips
https://www.tiktok.com/@warmaniac0/video/7411172549444308255,,warmaniac0
https://www.tiktok.com/@japankatiger/video/7308576604123434247,,japankatiger
https://www.tiktok.com/@chenxily/video/7257879383287844104,,chenxily
https://www.tiktok.com/@classsyandwealthy/video/7286976414283238698,,classsyandwealthy
https://www.tiktok.com/@keepsiekits/video/7204254321326787845,,keepsiekits
https://www.tiktok.com/@ogaobinnatiktok/video/7417857588919799045,,ogaobinnatiktok
https://www.tiktok.com/@cotopaxiofficial/video/7218633702304255274,,cotopaxiofficial
https://www.tiktok.com/@pinktravelogue/video/7223402366127590682,,pinktravelogue
https://www.tiktok.com/@thetalesofatraveler/video/7249061304835656987,,thetalesofatraveler
https://www.tiktok.com/@carolinemcquistin/video/7352078242360167713,,carolinemcquistin
https://www.tiktok.com/@rentmount/video/7225038513954114859,,rentmount
https://www.tiktok.com/@sambentley/video/7398193903293222177,,sambentley
https://www.tiktok.com/@dazing.soul/video/7204840146431167787,,dazing.soul
https://www.tiktok.com/@parlasostenibilee/video/7401134559556848929,,parlasostenibilee
https://www.tiktok.com/@iberostar/video/7410043973286350113,,iberostar
https://www.tiktok.com/@africanheritagecity/video/7219992581185326378,,africanheritagecity
https://www.tiktok.com/@sarahbmarks/video/7274935799383149856,,sarahbmarks
https://www.tiktok.com/@thetalesofatraveler/video/7227077623980002587,,thetalesofatraveler
https://www.tiktok.com/@elliottontheroad/video/7347971134228270369,,elliottontheroad
https://www.tiktok.com/@ningaloocrew/video/7420064264095845640,,ningaloocrew
https://www.tiktok.com/@therailvoyage/video/7324749064191364384,,therailvoyage
https://www.tiktok.com/@dieneuenerzieher/video/7420804830765059360,,dieneuenerzieher
https://www.tiktok.com/@kosmetyki_w_podrozy/video/7337376082112302369,,kosmetyki_w_podrozy
https://www.tiktok.com/@sebastian_schieren/video/7325124616429554976,,sebastian_schieren
https://www.tiktok.com/@therailvoyage/video/7357727124406471969,,therailvoyage
https://www.tiktok.com/@jess.cliftonn/video/7197588060865826091,,jess.cliftonn
https://www.tiktok.com/@thetalesofatraveler/video/7257201438646947098,,thetalesofatraveler
https://www.tiktok.com/@interestingengineering/video/7331780858585697542,,interestingengineering
https://www.tiktok.com/@stubbosfits/video/7417128874242264352,,stubbosfits
